const DbFileSHA1_t DbFileSHA1[N_DB_FILE_SHA1 + 1]
	= { { 0, //   0
			{ 0x00, 0x20, 0x2c, 0x25, 0xcf, 0xd2, 0x81, 0xa9, 0xae, 0x80, 0x99, 0x39, 0xa5, 0xc8,
				0x4a, 0xba, 0x61, 0x93, 0x5d, 0x89 } },
		  { 3, //   1
			  { 0x00, 0x66, 0x20, 0xd3, 0xbd, 0xe3, 0x77, 0x8d, 0x6e, 0x72, 0x68, 0x53, 0xf6, 0xb8,
				  0xcd, 0xb4, 0xfa, 0xbb, 0x30, 0x65 } },
		  { 11, //   2
			  { 0x00, 0xb1, 0x6d, 0xf3, 0x81, 0xb6, 0x77, 0x1d, 0x5f, 0x80, 0xcb, 0x07, 0x85, 0xfa,
				  0x78, 0xb9, 0x79, 0x3b, 0x7a, 0x47 } },
		  { 14, //   3
			  { 0x00, 0xe6, 0x8c, 0x9e, 0xf0, 0x5a, 0xcc, 0xa5, 0x60, 0x6a, 0xd4, 0x7f, 0x13, 0x45,
				  0x1c, 0x0d, 0xf9, 0xd5, 0x56, 0x9b } },
		  { 16, //   4
			  { 0x01, 0xe5, 0x12, 0x09, 0xf0, 0x91, 0x66, 0x2c, 0x9f, 0x12, 0xe4, 0x0f, 0x17, 0xb6,
				  0x71, 0x39, 0x0f, 0xf2, 0xfd, 0x9c } },
		  { 19, //   5
			  { 0x01, 0xe8, 0x01, 0x37, 0xaf, 0xd1, 0xb5, 0x26, 0xd0, 0x36, 0x78, 0x0c, 0xb9, 0xf4,
				  0xb5, 0xa2, 0xdf, 0x71, 0xbd, 0xec } },
		  { 22, //   6
			  { 0x02, 0x20, 0x1a, 0xfa, 0x07, 0xc9, 0xab, 0x84, 0x35, 0x96, 0x2a, 0x97, 0x3c, 0x4b,
				  0x02, 0xa0, 0xa3, 0x1f, 0x6f, 0x2e } },
		  { 25, //   7
			  { 0x02, 0x3b, 0x37, 0x6a, 0xcc, 0xfb, 0x0b, 0x53, 0x5c, 0x9b, 0x85, 0xc9, 0xba, 0x79,
				  0x2a, 0xda, 0x84, 0x55, 0xfb, 0xb0 } },
		  { 28, //   8
			  { 0x02, 0xa9, 0xf3, 0x58, 0xc5, 0xfc, 0x0a, 0x9e, 0x13, 0x08, 0xdf, 0x1a, 0x90, 0x54,
				  0x23, 0x92, 0x91, 0x83, 0xc2, 0xd0 } },
		  { 31, //   9
			  { 0x02, 0xc0, 0x3f, 0x24, 0xd2, 0x9c, 0x3e, 0x6d, 0x4d, 0x38, 0x89, 0x1f, 0xc5, 0xa5,
				  0xcb, 0xee, 0xa2, 0x88, 0x5d, 0x37 } },
		  { 34, //  10
			  { 0x03, 0xf5, 0xc2, 0xb9, 0x37, 0x11, 0xf4, 0xcf, 0xd6, 0x40, 0x91, 0x5c, 0x35, 0xb3,
				  0xbc, 0x4a, 0x02, 0x45, 0x30, 0xca } },
		  { 37, //  11
			  { 0x04, 0x5e, 0x51, 0xe1, 0xf1, 0x11, 0xeb, 0x48, 0xee, 0xe5, 0xa9, 0x0b, 0xd6, 0xe9,
				  0x82, 0x15, 0xf6, 0x1f, 0xc1, 0xe5 } },
		  { 42, //  12
			  { 0x04, 0x89, 0xdd, 0x38, 0x20, 0x39, 0x87, 0x1a, 0xd8, 0x5c, 0xd8, 0x37, 0xb9, 0x8f,
				  0x83, 0xac, 0x6b, 0xf5, 0x42, 0xe3 } },
		  { 45, //  13
			  { 0x05, 0x0c, 0xc1, 0x3a, 0x77, 0xad, 0xa8, 0x31, 0x53, 0x04, 0xf4, 0xb6, 0x80, 0x97,
				  0xb9, 0xd8, 0x38, 0x76, 0x97, 0x05 } },
		  { 48, //  14
			  { 0x05, 0x6b, 0x68, 0xae, 0xd0, 0x21, 0x54, 0x3c, 0xaa, 0xf2, 0xba, 0x9c, 0x1f, 0xec,
				  0xa1, 0xcb, 0xc0, 0xe6, 0xa2, 0x3f } },
		  { 51, //  15
			  { 0x05, 0x70, 0x02, 0x80, 0xe5, 0x5b, 0x54, 0x05, 0xf4, 0x18, 0xc3, 0x64, 0x10, 0x37,
				  0xcf, 0x65, 0x32, 0x41, 0x94, 0x28 } },
		  { 54, //  16
			  { 0x06, 0x8d, 0x11, 0xe1, 0x5b, 0xa3, 0xf6, 0xcb, 0xc3, 0x00, 0x17, 0xc1, 0x13, 0x2c,
				  0xdf, 0xcc, 0x43, 0xc5, 0x54, 0x5c } },
		  { 57, //  17
			  { 0x06, 0x98, 0x2c, 0x71, 0x87, 0x44, 0x2c, 0x97, 0xa6, 0x09, 0x19, 0xef, 0x75, 0xbd,
				  0xd0, 0x97, 0x45, 0xf4, 0xa9, 0x66 } },
		  { 60, //  18
			  { 0x07, 0x60, 0x29, 0x44, 0xb8, 0x3f, 0xe4, 0xef, 0x40, 0x7f, 0x46, 0xd7, 0xdf, 0x8e,
				  0x8c, 0xbc, 0xc6, 0x70, 0x92, 0x69 } },
		  { 63, //  19
			  { 0x08, 0x03, 0x65, 0x99, 0x5e, 0x09, 0x83, 0xee, 0x05, 0x98, 0x82, 0x9b, 0x39, 0xdb,
				  0x8a, 0x00, 0xa1, 0xfa, 0x3b, 0xc1 } },
		  { 66, //  20
			  { 0x08, 0x16, 0x83, 0xd0, 0xbd, 0xd6, 0xe0, 0xa2, 0x78, 0x3d, 0xf1, 0x16, 0x56, 0x84,
				  0x47, 0xe1, 0xfa, 0x35, 0xb3, 0xa7 } },
		  { 69, //  21
			  { 0x09, 0x9d, 0x54, 0xc8, 0xf2, 0xe0, 0xea, 0x26, 0x13, 0x67, 0xb7, 0x63, 0x11, 0xac,
				  0x91, 0x18, 0x3a, 0xd6, 0x97, 0x31 } },
		  { 72, //  22
			  { 0x0a, 0x89, 0xde, 0xe4, 0x63, 0x5a, 0x91, 0x6b, 0xb1, 0xb5, 0xc3, 0x48, 0x6a, 0x1b,
				  0xce, 0x67, 0x6b, 0xda, 0x6c, 0x65 } },
		  { 75, //  23
			  { 0x0a, 0x8c, 0x35, 0xac, 0x46, 0xa4, 0x3d, 0xa6, 0x22, 0xa1, 0x36, 0x22, 0x41, 0x9e,
				  0x38, 0x16, 0x7c, 0xad, 0x12, 0x88 } },
		  { 80, //  24
			  { 0x0a, 0x95, 0xfe, 0xb1, 0x84, 0x38, 0x40, 0x4d, 0x1a, 0x1a, 0x66, 0x2f, 0xe0, 0xbf,
				  0xcf, 0x2c, 0x83, 0xd3, 0xe9, 0xed } },
		  { 83, //  25
			  { 0x0b, 0x1a, 0x17, 0x34, 0xe5, 0xbd, 0x40, 0x73, 0x17, 0x8c, 0xeb, 0xe3, 0x5d, 0x6c,
				  0x28, 0xb1, 0xe5, 0xb7, 0x94, 0x77 } },
		  { 86, //  26
			  { 0x0b, 0x1f, 0x3d, 0x97, 0x5f, 0x51, 0x5a, 0x9d, 0xe9, 0x88, 0x1d, 0xbf, 0x3d, 0x43,
				  0x56, 0x01, 0xff, 0xf7, 0x59, 0x9b } },
		  { 89, //  27
			  { 0x0b, 0x59, 0xc9, 0x96, 0x59, 0xa1, 0x81, 0x1a, 0xfd, 0xc1, 0x89, 0xae, 0x5c, 0x37,
				  0x75, 0x42, 0xdb, 0x0d, 0xd8, 0x2b } },
		  { 92, //  28
			  { 0x0b, 0x70, 0x20, 0x43, 0x43, 0xb8, 0xfe, 0x2c, 0x77, 0x61, 0x4b, 0x87, 0x56, 0xf3,
				  0x66, 0x23, 0x7d, 0x22, 0xb6, 0x4a } },
		  { 95, //  29
			  { 0x0b, 0xf3, 0x8b, 0x9c, 0x51, 0x0a, 0x23, 0x66, 0xf0, 0x31, 0x53, 0x69, 0xc1, 0x60,
				  0x32, 0x7c, 0x1c, 0x42, 0xeb, 0x18 } },
		  { 101, //  30
			  { 0x0c, 0x2f, 0x3a, 0xc6, 0xbb, 0xc4, 0x81, 0xe3, 0x12, 0xd8, 0xb4, 0x13, 0x8c, 0xeb,
				  0xc4, 0x4c, 0xcc, 0x5e, 0xa3, 0x4e } },
		  { 106, //  31
			  { 0x0c, 0x4b, 0x8d, 0xd9, 0xdb, 0xea, 0x8e, 0x68, 0x93, 0xed, 0xc4, 0xbe, 0x62, 0x74,
				  0x59, 0x3b, 0x42, 0x75, 0x3c, 0xef } },
		  { 109, //  32
			  { 0x0c, 0x77, 0xd8, 0xb6, 0x76, 0x32, 0xbb, 0x1f, 0xc9, 0x2a, 0x88, 0xeb, 0xa0, 0xe7,
				  0x22, 0x28, 0xa9, 0x42, 0xa4, 0x4d } },
		  { 114, //  33
			  { 0x0c, 0x93, 0xd9, 0x6f, 0xed, 0xc2, 0xd8, 0xfb, 0x6a, 0x3c, 0x90, 0x4f, 0x86, 0xa5,
				  0x12, 0x2e, 0x6d, 0x80, 0x5e, 0xd1 } },
		  { 117, //  34
			  { 0x0c, 0xb6, 0x37, 0x69, 0x24, 0x71, 0x50, 0x03, 0xed, 0x9f, 0xec, 0x84, 0xbb, 0xd8,
				  0x2c, 0x98, 0x02, 0x26, 0x2c, 0x6c } },
		  { 120, //  35
			  { 0x0c, 0xe1, 0x87, 0x82, 0x4d, 0x3d, 0xda, 0xf1, 0x0a, 0x5a, 0x35, 0x90, 0x9e, 0x69,
				  0x42, 0x4a, 0xcb, 0xd3, 0x66, 0x91 } },
		  { 124, //  36
			  { 0x0c, 0xe8, 0xe6, 0xbb, 0xe7, 0x53, 0x5b, 0x50, 0x2c, 0x4d, 0xea, 0xc2, 0xf3, 0x47,
				  0x98, 0xd7, 0xc6, 0x38, 0xbb, 0xf4 } },
		  { 127, //  37
			  { 0x0c, 0xe9, 0xd4, 0x22, 0x6d, 0xb5, 0x11, 0xa0, 0x3e, 0xc7, 0x51, 0x44, 0x8e, 0xf9,
				  0x24, 0x84, 0x05, 0x4c, 0xac, 0x2d } },
		  { 130, //  38
			  { 0x0d, 0x1c, 0xd7, 0xed, 0x30, 0x7e, 0xdc, 0x58, 0x97, 0x98, 0xb5, 0xc6, 0xac, 0xe3,
				  0x8d, 0x67, 0x3d, 0x12, 0x76, 0x64 } },
		  { 133, //  39
			  { 0x0d, 0x72, 0x0e, 0x7c, 0xab, 0x91, 0x99, 0xf6, 0x34, 0xf4, 0xa9, 0x87, 0x3e, 0x64,
				  0xa6, 0x06, 0xa7, 0xdd, 0xee, 0xb9 } },
		  { 136, //  40
			  { 0x0d, 0x92, 0xa7, 0x94, 0x43, 0x64, 0xb1, 0xb0, 0x0e, 0x0a, 0x00, 0xd0, 0x65, 0x65,
				  0x09, 0xf4, 0xdc, 0x4c, 0xd5, 0x80 } },
		  { 139, //  41
			  { 0x0d, 0xef, 0x20, 0xe3, 0xd9, 0xc7, 0x9c, 0x56, 0x37, 0x17, 0x4d, 0x45, 0x09, 0x07,
				  0x0d, 0x1b, 0x37, 0x79, 0xf4, 0xf0 } },
		  { 141, //  42
			  { 0x0e, 0x62, 0x89, 0x67, 0x00, 0x4e, 0x2d, 0x5d, 0xc6, 0x35, 0x6e, 0x50, 0xed, 0x72,
				  0x13, 0xe9, 0x62, 0x83, 0x36, 0x60 } },
		  { 144, //  43
			  { 0x0e, 0x6b, 0x3e, 0xa6, 0xdd, 0x75, 0xa4, 0xe4, 0x51, 0xd1, 0xe4, 0x16, 0x24, 0xef,
				  0x86, 0x8a, 0x7a, 0x7a, 0x13, 0x3d } },
		  { 147, //  44
			  { 0x0e, 0x8e, 0x52, 0x99, 0x4f, 0x02, 0xe7, 0xee, 0x8b, 0xa3, 0x81, 0x5b, 0x3e, 0xcf,
				  0x47, 0x00, 0x24, 0xb9, 0x74, 0x71 } },
		  { 150, //  45
			  { 0x0e, 0xf3, 0x19, 0x31, 0xa5, 0x3d, 0x5f, 0xab, 0x3f, 0x6b, 0x8d, 0xae, 0xdd, 0x4b,
				  0xa9, 0xe0, 0xd8, 0xbb, 0xca, 0x96 } },
		  { 153, //  46
			  { 0x0e, 0xfa, 0xb0, 0x39, 0x91, 0xbc, 0xca, 0xa4, 0xb0, 0xbd, 0x45, 0xf6, 0x20, 0x70,
				  0x4e, 0x4e, 0xfb, 0x7a, 0x2f, 0x22 } },
		  { 156, //  47
			  { 0x0f, 0x42, 0xdf, 0xb1, 0xa9, 0xd6, 0x76, 0x9f, 0x29, 0xb8, 0xd6, 0xae, 0xe4, 0x51,
				  0xd1, 0xcd, 0xeb, 0x95, 0x33, 0xe8 } },
		  { 159, //  48
			  { 0x0f, 0x50, 0x9f, 0x83, 0x3b, 0x24, 0xce, 0x65, 0xf2, 0xca, 0x3f, 0xc4, 0x3a, 0xce,
				  0x52, 0xcc, 0x79, 0xe3, 0xf5, 0xca } },
		  { 162, //  49
			  { 0x0f, 0xd5, 0xfd, 0x1d, 0x0f, 0x46, 0x38, 0x10, 0x6c, 0xb6, 0x7c, 0xfc, 0xe7, 0xee,
				  0x07, 0x08, 0x5b, 0x4c, 0x70, 0xd1 } },
		  { 165, //  50
			  { 0x10, 0x1b, 0x2a, 0x69, 0xb1, 0x30, 0xd0, 0x1f, 0xb3, 0xe2, 0x98, 0x1b, 0xcb, 0x2d,
				  0xd2, 0xc4, 0xc9, 0x56, 0xcf, 0x05 } },
		  { 168, //  51
			  { 0x10, 0x27, 0xad, 0x2b, 0x3b, 0xf5, 0x96, 0x9e, 0x5b, 0x22, 0x6f, 0xbb, 0x61, 0xd3,
				  0x25, 0x65, 0x03, 0xc4, 0x63, 0xda } },
		  { 171, //  52
			  { 0x10, 0x32, 0x9e, 0x6e, 0x64, 0xf6, 0x15, 0xbc, 0x4c, 0x72, 0xa6, 0xa7, 0xa7, 0x83,
				  0xe9, 0xd2, 0x1d, 0x2f, 0x24, 0x4e } },
		  { 173, //  53
			  { 0x10, 0x86, 0x01, 0xa2, 0x33, 0x14, 0x05, 0x93, 0xf9, 0xae, 0xb7, 0x7d, 0xed, 0xf4,
				  0x57, 0x3f, 0xae, 0x05, 0x22, 0xc7 } },
		  { 176, //  54
			  { 0x12, 0x06, 0x89, 0x9d, 0xf7, 0xa3, 0xe3, 0xf3, 0xf5, 0x42, 0xba, 0xe7, 0x1e, 0x19,
				  0xf6, 0xc6, 0x00, 0x7c, 0x2f, 0x7e } },
		  { 179, //  55
			  { 0x12, 0x07, 0xf7, 0xc4, 0x0c, 0x7e, 0xe3, 0xb3, 0xc0, 0x43, 0x28, 0x3a, 0x75, 0x9b,
				  0x85, 0x66, 0x78, 0x11, 0x15, 0x5c } },
		  { 182, //  56
			  { 0x12, 0x15, 0x4e, 0x55, 0x66, 0x27, 0xe8, 0x8d, 0xdd, 0x92, 0x3d, 0xf1, 0xdf, 0xef,
				  0x5c, 0x0a, 0x3d, 0xea, 0x6c, 0xcd } },
		  { 187, //  57
			  { 0x12, 0x31, 0x24, 0x24, 0x23, 0x16, 0x7f, 0xa1, 0xea, 0x80, 0x62, 0xdf, 0x65, 0xe5,
				  0x03, 0xd8, 0x68, 0xa7, 0xda, 0x6e } },
		  { 190, //  58
			  { 0x12, 0xf6, 0xf9, 0x76, 0xc5, 0xc7, 0x62, 0xd0, 0xa1, 0x75, 0xa3, 0x6d, 0x49, 0xa7,
				  0xb5, 0xca, 0xc2, 0x55, 0x98, 0x89 } },
		  { 193, //  59
			  { 0x13, 0x0e, 0x82, 0x2c, 0x99, 0x4c, 0x7f, 0x17, 0xc2, 0xa7, 0x51, 0xfe, 0x0f, 0x35,
				  0xa0, 0xa2, 0xfd, 0x58, 0x85, 0xb3 } },
		  { 198, //  60
			  { 0x13, 0x9c, 0x0c, 0xf1, 0x0c, 0x2f, 0x40, 0x1d, 0x9e, 0x10, 0xa6, 0x5d, 0x40, 0x9c,
				  0x9c, 0xe3, 0x67, 0x93, 0xbe, 0xca } },
		  { 201, //  61
			  { 0x13, 0xa8, 0x0d, 0x1b, 0x86, 0x3e, 0x8e, 0x33, 0x55, 0xf5, 0xa5, 0x5c, 0x02, 0x5f,
				  0x95, 0x9a, 0x6c, 0xf8, 0x8c, 0x4f } },
		  { 204, //  62
			  { 0x13, 0xb8, 0x53, 0x67, 0xbf, 0x04, 0x4a, 0x3a, 0xf2, 0x50, 0xfe, 0x18, 0x7c, 0x54,
				  0x8a, 0x4a, 0xb5, 0xd4, 0xa8, 0x77 } },
		  { 217, //  63
			  { 0x13, 0xea, 0x9b, 0x23, 0xcc, 0xe3, 0x90, 0x8f, 0x4e, 0x56, 0xc5, 0xba, 0x63, 0x33,
				  0x64, 0xf4, 0x48, 0x6a, 0x4e, 0xce } },
		  { 220, //  64
			  { 0x14, 0x70, 0xc7, 0x7d, 0xf7, 0x03, 0xcf, 0xec, 0x07, 0xe2, 0x62, 0x0b, 0x9b, 0x4f,
				  0xcd, 0x1b, 0x4a, 0x25, 0x7a, 0x50 } },
		  { 223, //  65
			  { 0x14, 0xc9, 0x8d, 0x4d, 0x9f, 0x5d, 0xd9, 0x00, 0x40, 0x4b, 0x8d, 0xcc, 0x7b, 0x1a,
				  0x21, 0x9b, 0xa7, 0xbd, 0x29, 0xac } },
		  { 226, //  66
			  { 0x15, 0x22, 0xa6, 0x72, 0x4b, 0x26, 0x44, 0x1b, 0x82, 0xac, 0x1e, 0xa4, 0x46, 0x90,
				  0xdc, 0x1f, 0x93, 0x22, 0x24, 0xae } },
		  { 229, //  67
			  { 0x15, 0x60, 0x9f, 0xce, 0x96, 0x3a, 0xf5, 0x68, 0x7c, 0xc8, 0xc8, 0xc1, 0xa4, 0x16,
				  0x80, 0x3f, 0x01, 0xb6, 0xe8, 0xe2 } },
		  { 232, //  68
			  { 0x15, 0x9b, 0x27, 0x3f, 0xdb, 0x4c, 0x5b, 0x7a, 0x23, 0x24, 0x8a, 0x34, 0x81, 0xc0,
				  0xee, 0x8a, 0xad, 0x92, 0x44, 0xfb } },
		  { 235, //  69
			  { 0x15, 0xbb, 0xf2, 0x69, 0x8f, 0x5e, 0x89, 0x8b, 0x47, 0xa0, 0xea, 0x8e, 0x62, 0x97,
				  0x68, 0xf8, 0x7e, 0x99, 0x8c, 0x92 } },
		  { 238, //  70
			  { 0x15, 0xf7, 0x0e, 0xe6, 0xd3, 0x9b, 0x5e, 0xba, 0xa8, 0xee, 0xf0, 0x32, 0xbd, 0xb8,
				  0xe0, 0x5d, 0x33, 0x90, 0xe1, 0x33 } },
		  { 241, //  71
			  { 0x16, 0x14, 0x9a, 0xa7, 0x86, 0xa3, 0x08, 0x3b, 0x62, 0x10, 0xdb, 0xc5, 0x03, 0x87,
				  0xf4, 0x94, 0xe0, 0xf6, 0xed, 0xff } },
		  { 244, //  72
			  { 0x16, 0x51, 0x9b, 0x9f, 0xcb, 0x2e, 0x6d, 0xd0, 0x41, 0xec, 0x9f, 0xf6, 0xac, 0xd7,
				  0x92, 0xac, 0xf3, 0x8c, 0x38, 0x78 } },
		  { 247, //  73
			  { 0x16, 0x68, 0xac, 0x4a, 0x38, 0x0b, 0xf4, 0x8b, 0xd2, 0x7b, 0xee, 0x2a, 0xeb, 0x7f,
				  0xbb, 0xd3, 0xec, 0x7b, 0x13, 0x06 } },
		  { 250, //  74
			  { 0x16, 0x77, 0x7d, 0xa5, 0x5d, 0xfc, 0x58, 0x1a, 0xa9, 0x9e, 0x0a, 0xd9, 0x50, 0xf7,
				  0xfd, 0xf6, 0xda, 0x55, 0xde, 0xbe } },
		  { 256, //  75
			  { 0x16, 0x82, 0xcb, 0x2f, 0x30, 0xff, 0x3b, 0xfd, 0x44, 0x18, 0x7a, 0xa2, 0x9c, 0xc0,
				  0x23, 0x39, 0xfa, 0x8f, 0xdb, 0x58 } },
		  { 259, //  76
			  { 0x17, 0x17, 0x6d, 0x62, 0x47, 0x49, 0xf6, 0x4b, 0xce, 0xe6, 0x05, 0xf6, 0xf7, 0xff,
				  0x16, 0x04, 0x50, 0x53, 0x34, 0x09 } },
		  { 262, //  77
			  { 0x17, 0x98, 0x08, 0x67, 0x20, 0x28, 0x2a, 0xd1, 0x79, 0x24, 0xb4, 0xb4, 0x3a, 0xda,
				  0x40, 0xb9, 0x9e, 0xf4, 0xf4, 0x8a } },
		  { 265, //  78
			  { 0x17, 0x9d, 0x8a, 0xb4, 0x20, 0x17, 0xaa, 0xcc, 0x9f, 0x9d, 0x97, 0xf3, 0x58, 0x55,
				  0xb8, 0xba, 0x65, 0xe8, 0x91, 0x73 } },
		  { 268, //  79
			  { 0x18, 0x12, 0x97, 0x31, 0xcb, 0xca, 0xe5, 0xf4, 0xa8, 0xc7, 0x2f, 0x0f, 0xbe, 0x3c,
				  0x53, 0x36, 0x67, 0xd7, 0x61, 0x42 } },
		  { 271, //  80
			  { 0x18, 0xb7, 0x96, 0x8f, 0x06, 0xcb, 0x29, 0x3a, 0x69, 0x30, 0x27, 0x62, 0x57, 0xdf,
				  0x2b, 0xe6, 0x5d, 0xea, 0xa1, 0x58 } },
		  { 274, //  81
			  { 0x19, 0x1b, 0x54, 0x64, 0xc4, 0x3c, 0x5f, 0x78, 0x2e, 0x6b, 0x11, 0x6d, 0x73, 0xbb,
				  0xa0, 0x16, 0x6e, 0x5c, 0x32, 0x5f } },
		  { 277, //  82
			  { 0x19, 0xe5, 0xab, 0xf6, 0x76, 0xd2, 0x5c, 0x2c, 0x76, 0x17, 0xe0, 0x8c, 0x27, 0x47,
				  0x72, 0xf6, 0x20, 0x43, 0x24, 0xb6 } },
		  { 281, //  83
			  { 0x19, 0xeb, 0x9d, 0x50, 0x60, 0xf4, 0x82, 0x2d, 0x00, 0x80, 0x2e, 0xaa, 0x82, 0xfe,
				  0xe7, 0x83, 0x27, 0x3b, 0x97, 0x5e } },
		  { 284, //  84
			  { 0x1a, 0x68, 0xfa, 0xbe, 0x50, 0x9a, 0x18, 0x96, 0xfe, 0xd4, 0xea, 0xf8, 0xa4, 0xaf,
				  0xda, 0x62, 0xe5, 0x7c, 0xd5, 0xd4 } },
		  { 287, //  85
			  { 0x1a, 0xde, 0x58, 0xb7, 0x28, 0x86, 0xfe, 0xbd, 0xa0, 0x62, 0xe2, 0xb3, 0xd1, 0xba,
				  0x80, 0xc3, 0x84, 0x39, 0xce, 0x7c } },
		  { 290, //  86
			  { 0x1a, 0xf2, 0x96, 0x16, 0x1e, 0xd4, 0xbb, 0xa8, 0x0e, 0x43, 0x26, 0x12, 0xe7, 0x02,
				  0x19, 0x0e, 0x86, 0xb2, 0x81, 0x09 } },
		  { 293, //  87
			  { 0x1a, 0xf9, 0x6a, 0x78, 0x80, 0xa5, 0x7b, 0xec, 0x04, 0x43, 0x04, 0x61, 0x84, 0x59,
				  0xfc, 0x8c, 0x0c, 0x67, 0xc2, 0x4a } },
		  { 296, //  88
			  { 0x1b, 0x01, 0x47, 0x64, 0x97, 0x5c, 0x9b, 0x7e, 0xbf, 0x52, 0x6c, 0xbf, 0xe3, 0x0a,
				  0xe4, 0x39, 0xc4, 0x59, 0x3c, 0xf2 } },
		  { 299, //  89
			  { 0x1b, 0x6c, 0x55, 0x35, 0x6b, 0xb2, 0xbc, 0x84, 0x80, 0xa0, 0x8b, 0xb2, 0x5e, 0x92,
				  0x41, 0x48, 0xd0, 0xd3, 0x91, 0x14 } },
		  { 311, //  90
			  { 0x1b, 0xc3, 0x40, 0xf8, 0x6f, 0xc8, 0x72, 0xec, 0x0a, 0x36, 0xf2, 0xb6, 0x38, 0xd8,
				  0x6c, 0xc2, 0xfe, 0x49, 0xc2, 0x0a } },
		  { 314, //  91
			  { 0x1c, 0xb3, 0x5f, 0xd5, 0x02, 0x42, 0xbb, 0x10, 0xd3, 0x7f, 0x55, 0x02, 0x71, 0x62,
				  0xad, 0xc9, 0x08, 0x24, 0xbd, 0x92 } },
		  { 317, //  92
			  { 0x1c, 0xfa, 0x11, 0x1b, 0xeb, 0xb7, 0x76, 0x63, 0x20, 0xfb, 0xf2, 0x0d, 0x81, 0x71,
				  0x0e, 0x06, 0x35, 0x6c, 0xa5, 0xc6 } },
		  { 320, //  93
			  { 0x1d, 0x3b, 0xaa, 0xc6, 0xcd, 0xed, 0x6e, 0x3f, 0x88, 0xd0, 0xdb, 0x8c, 0x9c, 0xb3,
				  0x00, 0x8c, 0xa7, 0xa9, 0x07, 0xc6 } },
		  { 323, //  94
			  { 0x1d, 0x41, 0x7b, 0xac, 0x87, 0x40, 0x70, 0xed, 0x89, 0x56, 0xa0, 0xf3, 0x9e, 0x76,
				  0xd9, 0xd5, 0xe4, 0xc2, 0xde, 0x27 } },
		  { 326, //  95
			  { 0x1d, 0xc1, 0x5d, 0x20, 0x10, 0x76, 0x0b, 0xce, 0x76, 0x19, 0x77, 0x29, 0xc3, 0x8c,
				  0xbd, 0x9d, 0xc2, 0xa8, 0x8e, 0x7a } },
		  { 329, //  96
			  { 0x1e, 0x05, 0xa1, 0x1c, 0x5a, 0x72, 0xff, 0x5f, 0x0d, 0xe2, 0xfa, 0x39, 0x02, 0x32,
				  0xe7, 0x21, 0xd7, 0x67, 0x78, 0xf9 } },
		  { 332, //  97
			  { 0x1e, 0x07, 0xc5, 0x53, 0xba, 0xea, 0xd2, 0xe2, 0xc8, 0xbe, 0x8d, 0xee, 0x08, 0x60,
				  0x1d, 0xc5, 0x4a, 0x00, 0x94, 0x5d } },
		  { 335, //  98
			  { 0x1e, 0x75, 0x53, 0xfb, 0x35, 0xd1, 0xeb, 0xd0, 0x04, 0xa5, 0xcd, 0xa1, 0x76, 0xba,
				  0xe7, 0x0e, 0x01, 0xcc, 0x23, 0x16 } },
		  { 338, //  99
			  { 0x1e, 0x86, 0x7e, 0xd7, 0x7c, 0xe6, 0xdb, 0x22, 0x7e, 0x97, 0xc9, 0x5e, 0x44, 0x29,
				  0xf1, 0x35, 0xb6, 0x36, 0x34, 0xb2 } },
		  { 341, // 100
			  { 0x1e, 0x95, 0x31, 0xbb, 0xa7, 0xb2, 0xce, 0x97, 0xae, 0xee, 0xd8, 0x61, 0x11, 0xce,
				  0x5e, 0xf4, 0x71, 0x94, 0x23, 0xbd } },
		  { 344, // 101
			  { 0x1f, 0x06, 0x2b, 0x4c, 0xbd, 0x91, 0x8c, 0x78, 0x5c, 0x3f, 0x2d, 0xcb, 0x93, 0xfa,
				  0xf5, 0xc7, 0xae, 0x79, 0x23, 0x17 } },
		  { 347, // 102
			  { 0x1f, 0x56, 0x9e, 0xf9, 0x45, 0xa3, 0xad, 0xda, 0x38, 0x89, 0xcf, 0xfa, 0x93, 0x44,
				  0x7f, 0x7b, 0x8e, 0x23, 0x95, 0x6c } },
		  { 349, // 103
			  { 0x1f, 0x66, 0xdc, 0x9c, 0x1a, 0x59, 0x1f, 0x1f, 0x3d, 0x27, 0x65, 0x6c, 0xac, 0x19,
				  0xf4, 0xae, 0x4e, 0x52, 0xab, 0x43 } },
		  { 352, // 104
			  { 0x1f, 0x68, 0xfb, 0x84, 0x43, 0x5d, 0xd3, 0xe1, 0xa5, 0xb7, 0xc8, 0x7a, 0x77, 0xed,
				  0x1a, 0x36, 0xff, 0x58, 0xf2, 0xa1 } },
		  { 361, // 105
			  { 0x1f, 0xb4, 0x36, 0x8a, 0x14, 0xb6, 0xa4, 0x18, 0xd9, 0x27, 0xd0, 0xd3, 0xb9, 0x28,
				  0xea, 0xdf, 0x33, 0x6e, 0xfe, 0xa5 } },
		  { 364, // 106
			  { 0x1f, 0xc9, 0xf3, 0xb4, 0xa5, 0x3f, 0x5c, 0x7a, 0x5d, 0x7e, 0x26, 0x70, 0x83, 0x61,
				  0x8d, 0x0d, 0x22, 0x08, 0x7d, 0x5e } },
		  { 367, // 107
			  { 0x1f, 0xe1, 0x16, 0x1c, 0x9e, 0x0d, 0x9b, 0xcd, 0xec, 0x1a, 0xc3, 0xde, 0xef, 0x03,
				  0xc0, 0x52, 0x8f, 0x1e, 0xa5, 0xea } },
		  { 369, // 108
			  { 0x20, 0x26, 0x3d, 0x11, 0x07, 0x3b, 0x5a, 0x55, 0xf3, 0x38, 0xd6, 0x8c, 0xe0, 0xab,
				  0x85, 0x34, 0x29, 0x71, 0x49, 0x74 } },
		  { 372, // 109
			  { 0x20, 0x87, 0x76, 0x67, 0x6a, 0xc8, 0xfa, 0xf6, 0xd0, 0xe5, 0x3f, 0xbb, 0x8a, 0x76,
				  0xc8, 0x5a, 0x09, 0x11, 0x97, 0x82 } },
		  { 375, // 110
			  { 0x20, 0x8c, 0xaf, 0x4a, 0xaa, 0x2b, 0xc6, 0x38, 0x29, 0xad, 0x2a, 0xc5, 0xf6, 0x92,
				  0x8d, 0xb1, 0x01, 0x8c, 0x1c, 0x74 } },
		  { 378, // 111
			  { 0x20, 0xda, 0xf1, 0xae, 0xc6, 0x48, 0xe0, 0xa4, 0x81, 0xd4, 0x31, 0x91, 0xcf, 0x0f,
				  0xb4, 0xae, 0x04, 0xef, 0xe5, 0x93 } },
		  { 381, // 112
			  { 0x20, 0xfc, 0x98, 0xab, 0xce, 0x5f, 0x08, 0x52, 0x2a, 0x1b, 0x53, 0xa0, 0x38, 0x37,
				  0x48, 0xf8, 0xa8, 0x49, 0xfa, 0x94 } },
		  { 386, // 113
			  { 0x21, 0x23, 0x3d, 0x8d, 0xd0, 0x67, 0x94, 0x65, 0x8c, 0xe4, 0x84, 0x33, 0x4f, 0xc2,
				  0xd4, 0x8e, 0x76, 0xd2, 0x8b, 0xd6 } },
		  { 389, // 114
			  { 0x21, 0x2c, 0x52, 0x37, 0xc6, 0x99, 0x64, 0x01, 0x44, 0x43, 0xfd, 0xb6, 0x85, 0xe8,
				  0xe9, 0xb5, 0xa0, 0xfe, 0x8d, 0x8a } },
		  { 392, // 115
			  { 0x22, 0xb7, 0x2d, 0x9b, 0x55, 0xda, 0x71, 0xc4, 0x6b, 0x04, 0x4c, 0x5c, 0x3a, 0xcf,
				  0x76, 0x59, 0x72, 0x3d, 0x36, 0xdc } },
		  { 395, // 116
			  { 0x22, 0xe9, 0x08, 0x8e, 0x81, 0x7e, 0xd8, 0xad, 0x28, 0xe0, 0x5b, 0xd5, 0x51, 0x07,
				  0xd4, 0x75, 0x7a, 0x4a, 0x1e, 0x57 } },
		  { 398, // 117
			  { 0x23, 0x21, 0x9d, 0x8a, 0x13, 0x9c, 0xf6, 0x29, 0xe1, 0x6e, 0x7c, 0x60, 0x99, 0xd3,
				  0x03, 0x54, 0x58, 0x76, 0x3f, 0x58 } },
		  { 401, // 118
			  { 0x23, 0x24, 0x53, 0xd9, 0x1f, 0x29, 0xfd, 0x85, 0xac, 0xf6, 0x2c, 0xdf, 0x1b, 0x5a,
				  0x19, 0xa5, 0xd0, 0x9b, 0xf8, 0x31 } },
		  { 404, // 119
			  { 0x23, 0x2d, 0x23, 0x12, 0x92, 0xa8, 0x4b, 0x6b, 0x2f, 0xfa, 0xf2, 0xaf, 0x7d, 0x07,
				  0x18, 0x33, 0x62, 0x4c, 0x55, 0xe4 } },
		  { 407, // 120
			  { 0x23, 0x75, 0x9d, 0x08, 0x4e, 0x04, 0xcd, 0x12, 0xb6, 0xd0, 0xad, 0xd8, 0xab, 0x2d,
				  0x5d, 0xcf, 0x12, 0xdb, 0xc3, 0xf3 } },
		  { 410, // 121
			  { 0x23, 0xcc, 0x64, 0xbb, 0x9f, 0x5c, 0x31, 0xe7, 0xe4, 0x73, 0x60, 0x2c, 0x19, 0x61,
				  0xe4, 0x05, 0xee, 0xbf, 0x53, 0xc2 } },
		  { 413, // 122
			  { 0x23, 0xdf, 0xea, 0xd5, 0xbf, 0xe9, 0xa6, 0x6d, 0xff, 0x23, 0x33, 0x70, 0x08, 0x5c,
				  0xfc, 0xd0, 0x38, 0x2f, 0x8a, 0x57 } },
		  { 416, // 123
			  { 0x24, 0xaf, 0x97, 0x6c, 0x68, 0x60, 0x0f, 0x11, 0x6c, 0xac, 0x0f, 0x7d, 0xfd, 0x39,
				  0x92, 0x67, 0xb2, 0x55, 0x87, 0x6c } },
		  { 419, // 124
			  { 0x25, 0x31, 0x7e, 0xfc, 0xa7, 0x28, 0x4c, 0x3f, 0xf2, 0x6b, 0xa2, 0x26, 0x7f, 0x55,
				  0xd9, 0x68, 0x56, 0xc9, 0x9b, 0x27 } },
		  { 422, // 125
			  { 0x25, 0xfe, 0xba, 0xde, 0x6f, 0x60, 0x14, 0xbf, 0x6f, 0xaa, 0x65, 0x19, 0x85, 0xba,
				  0xd8, 0xfc, 0x8b, 0xf0, 0x48, 0x02 } },
		  { 425, // 126
			  { 0x26, 0x27, 0x88, 0x03, 0x43, 0xc2, 0x71, 0xbb, 0x62, 0x94, 0xd6, 0x88, 0xb0, 0x0e,
				  0xd4, 0xff, 0xdc, 0x09, 0xeb, 0x19 } },
		  { 428, // 127
			  { 0x26, 0x8c, 0x64, 0xf0, 0x90, 0x41, 0x97, 0x8f, 0x93, 0x36, 0xef, 0x1b, 0x5b, 0xf1,
				  0xfa, 0xf0, 0xe3, 0x80, 0xa6, 0x7e } },
		  { 431, // 128
			  { 0x26, 0x97, 0xc1, 0x43, 0x1d, 0x3a, 0x73, 0xbf, 0x6b, 0x25, 0x89, 0xbb, 0x32, 0x7a,
				  0xb5, 0x5d, 0x46, 0xef, 0xeb, 0x42 } },
		  { 435, // 129
			  { 0x26, 0xdf, 0x5c, 0x65, 0xd4, 0x35, 0x82, 0x9f, 0x9f, 0x1a, 0xd1, 0xc8, 0xd6, 0xfe,
				  0x4e, 0x83, 0x11, 0x64, 0x14, 0x63 } },
		  { 438, // 130
			  { 0x27, 0x60, 0x75, 0x42, 0x65, 0xc0, 0xe2, 0xe3, 0x4f, 0x69, 0xd8, 0xcd, 0x63, 0xe2,
				  0x49, 0x4c, 0xc8, 0xa3, 0x38, 0x3f } },
		  { 441, // 131
			  { 0x27, 0x7b, 0xac, 0xbf, 0x7a, 0xe0, 0xb6, 0xfd, 0xc8, 0xe4, 0x13, 0x75, 0x86, 0x68,
				  0x71, 0xee, 0xc1, 0x2d, 0xad, 0xa9 } },
		  { 449, // 132
			  { 0x27, 0x89, 0x95, 0xc4, 0xd0, 0xf7, 0xf9, 0xc8, 0x45, 0xe4, 0xef, 0x4d, 0x8e, 0xb5,
				  0x93, 0xf3, 0xa6, 0x82, 0xfb, 0x25 } },
		  { 452, // 133
			  { 0x27, 0xac, 0xfa, 0x5f, 0x00, 0x47, 0x29, 0x0c, 0xe3, 0xc2, 0xee, 0xcc, 0x89, 0xf3,
				  0x7f, 0x0e, 0x7b, 0xd2, 0x80, 0x4b } },
		  { 455, // 134
			  { 0x28, 0x5f, 0xb3, 0x1a, 0x6c, 0xfb, 0xcd, 0xd5, 0xc9, 0x3f, 0x91, 0xd7, 0x30, 0x37,
				  0xea, 0x6c, 0xcd, 0x73, 0x0e, 0x36 } },
		  { 458, // 135
			  { 0x28, 0x79, 0x26, 0xd0, 0x6c, 0xe6, 0xca, 0x6d, 0xb9, 0xd5, 0xfc, 0x84, 0x27, 0x24,
				  0xfa, 0x3c, 0x80, 0xc6, 0xf7, 0x0c } },
		  { 461, // 136
			  { 0x28, 0xda, 0x14, 0x42, 0xeb, 0xf1, 0x37, 0x07, 0x03, 0xcb, 0xcc, 0x42, 0x6c, 0x26,
				  0x15, 0x79, 0x4a, 0xe1, 0xff, 0x81 } },
		  { 464, // 137
			  { 0x29, 0x3d, 0x4f, 0xe3, 0xcf, 0x9e, 0x0f, 0x45, 0xfb, 0xc6, 0x21, 0x3d, 0xbf, 0xc6,
				  0xa2, 0xd5, 0x8a, 0xa5, 0x65, 0x5e } },
		  { 467, // 138
			  { 0x29, 0x98, 0x4e, 0x23, 0x21, 0x92, 0x59, 0xd3, 0xaf, 0x3b, 0x49, 0x17, 0xb4, 0xea,
				  0xc2, 0xd5, 0xa5, 0x02, 0x28, 0xc0 } },
		  { 470, // 139
			  { 0x29, 0x98, 0x7d, 0xc8, 0x44, 0x6c, 0xb1, 0xc3, 0x4c, 0xd2, 0xab, 0xd7, 0xda, 0xd7,
				  0x03, 0x86, 0x4d, 0x6c, 0x29, 0x3c } },
		  { 473, // 140
			  { 0x29, 0xbd, 0x6d, 0x3e, 0x2f, 0x7b, 0xab, 0xdf, 0x21, 0xa2, 0x46, 0xf4, 0x23, 0xc5,
				  0x92, 0x1f, 0xd9, 0xc6, 0xbb, 0x3d } },
		  { 476, // 141
			  { 0x2a, 0x43, 0x79, 0x8f, 0x46, 0xb8, 0x11, 0x05, 0x44, 0xf5, 0xc9, 0x37, 0x41, 0x50,
				  0xff, 0x3a, 0xab, 0x09, 0xbc, 0xa5 } },
		  { 479, // 142
			  { 0x2a, 0x6d, 0xc7, 0xea, 0xb3, 0x89, 0x25, 0xca, 0x86, 0xb6, 0xec, 0x5d, 0x8d, 0x19,
				  0x9d, 0x89, 0x77, 0x9d, 0xd6, 0xaa } },
		  { 482, // 143
			  { 0x2b, 0x3d, 0xc8, 0xcb, 0x5a, 0xb3, 0x7c, 0xb9, 0x0f, 0x8c, 0x0a, 0x3b, 0x16, 0x31,
				  0xff, 0x51, 0xe8, 0xde, 0x27, 0x6a } },
		  { 485, // 144
			  { 0x2b, 0x41, 0xf7, 0x18, 0x7d, 0x3c, 0x6b, 0xb7, 0xe7, 0x38, 0x49, 0xd0, 0x84, 0x74,
				  0x31, 0x8c, 0x43, 0x73, 0x1a, 0x97 } },
		  { 495, // 145
			  { 0x2b, 0xd4, 0x5e, 0x0c, 0xe6, 0xb2, 0xb8, 0xed, 0xbd, 0x6d, 0xdb, 0xbc, 0x1f, 0x9f,
				  0x35, 0x84, 0xf9, 0x8b, 0x7b, 0x7a } },
		  { 498, // 146
			  { 0x2c, 0x54, 0x2d, 0xb8, 0x04, 0xf9, 0x21, 0x0d, 0xd6, 0x9b, 0x5f, 0x46, 0x4b, 0x7f,
				  0xa8, 0xdc, 0x15, 0x99, 0xc9, 0xd8 } },
		  { 503, // 147
			  { 0x2c, 0x61, 0xd7, 0x78, 0x88, 0xe3, 0x29, 0x33, 0xb1, 0x4d, 0x6e, 0x75, 0x0c, 0x65,
				  0x8c, 0xb5, 0x9d, 0x92, 0xdb, 0x96 } },
		  { 506, // 148
			  { 0x2c, 0x6e, 0xe4, 0xc5, 0x1a, 0x50, 0x4d, 0xb7, 0x8b, 0x46, 0x3d, 0x9f, 0x29, 0x18,
				  0x53, 0x6e, 0xab, 0xe5, 0x52, 0xc5 } },
		  { 516, // 149
			  { 0x2c, 0xb9, 0x4b, 0xd1, 0xa9, 0xfb, 0x39, 0x45, 0x4f, 0x91, 0x3e, 0x42, 0xbb, 0x4d,
				  0xb1, 0x5f, 0xb9, 0xbb, 0xfb, 0x9d } },
		  { 519, // 150
			  { 0x2c, 0xdf, 0x4e, 0x00, 0xc2, 0xad, 0x7a, 0xa6, 0x55, 0x85, 0x5f, 0x48, 0x40, 0xb4,
				  0xb3, 0x21, 0x3d, 0xa4, 0x2c, 0xbc } },
		  { 522, // 151
			  { 0x2d, 0x29, 0x09, 0x2f, 0x90, 0x56, 0x34, 0x71, 0xa4, 0xe0, 0xce, 0xf2, 0x25, 0xd3,
				  0xd5, 0x10, 0x7a, 0xa3, 0x9d, 0x6f } },
		  { 530, // 152
			  { 0x2d, 0xc4, 0xe7, 0x4a, 0x3f, 0x89, 0x49, 0x09, 0x4f, 0x91, 0xc6, 0xcd, 0x42, 0x24,
				  0x95, 0xe7, 0x91, 0x18, 0x39, 0xee } },
		  { 534, // 153
			  { 0x2d, 0xdc, 0xf7, 0xde, 0x5e, 0x73, 0xef, 0x6b, 0x9f, 0x11, 0xa0, 0x94, 0xb9, 0x46,
				  0x87, 0x38, 0x84, 0x22, 0x04, 0x39 } },
		  { 537, // 154
			  { 0x2e, 0x11, 0x35, 0x84, 0x7b, 0x42, 0xd8, 0x8e, 0x36, 0x00, 0xc0, 0x63, 0x27, 0xf5,
				  0xe3, 0x86, 0x68, 0x1b, 0xf0, 0x22 } },
		  { 540, // 155
			  { 0x2e, 0xb1, 0xd6, 0x85, 0x31, 0x17, 0x71, 0xcf, 0x59, 0xe2, 0xbb, 0xdd, 0x4c, 0x39,
				  0x76, 0x7e, 0x8d, 0xbb, 0x9b, 0x07 } },
		  { 543, // 156
			  { 0x2e, 0xd5, 0x51, 0xbd, 0xe5, 0xc7, 0x2c, 0x05, 0x76, 0xbf, 0x54, 0xeb, 0x49, 0xb1,
				  0xde, 0x9b, 0xa3, 0x59, 0xbe, 0x71 } },
		  { 546, // 157
			  { 0x2e, 0xfe, 0xd2, 0x10, 0x87, 0xc8, 0x5a, 0x5b, 0x79, 0x67, 0x81, 0xf6, 0xa9, 0x5d,
				  0x70, 0x5e, 0x5b, 0xf9, 0xa6, 0xd1 } },
		  { 549, // 158
			  { 0x2f, 0x72, 0xd9, 0x2e, 0x2f, 0x51, 0xda, 0x72, 0xa1, 0xcf, 0xb9, 0xdf, 0x13, 0x27,
				  0xf7, 0xce, 0x28, 0xa6, 0x75, 0x56 } },
		  { 552, // 159
			  { 0x2f, 0x8f, 0xed, 0x49, 0x3c, 0x08, 0x3e, 0xc9, 0xec, 0x4d, 0xdc, 0xf2, 0xae, 0x81,
				  0xc7, 0x8e, 0x2a, 0xf4, 0x00, 0x61 } },
		  { 555, // 160
			  { 0x30, 0x29, 0xc4, 0xeb, 0x82, 0xbc, 0x30, 0x16, 0x90, 0xb0, 0x91, 0x08, 0x65, 0xe0,
				  0x33, 0xbc, 0x03, 0x39, 0xa1, 0xaa } },
		  { 557, // 161
			  { 0x30, 0x73, 0x6c, 0xaa, 0xf3, 0x0d, 0x2b, 0xb2, 0x49, 0x51, 0x8d, 0x22, 0x5b, 0x78,
				  0xb1, 0xb8, 0xd4, 0x70, 0xf9, 0x0a } },
		  { 560, // 162
			  { 0x31, 0x30, 0x52, 0x2f, 0xbd, 0xb4, 0x82, 0xc8, 0x33, 0x90, 0xfc, 0x92, 0x2f, 0x08,
				  0xaa, 0xd3, 0x7e, 0xe5, 0x21, 0xf4 } },
		  { 563, // 163
			  { 0x31, 0x4a, 0x81, 0x45, 0xf2, 0x70, 0xc2, 0xd7, 0xcd, 0x3b, 0x3e, 0xd1, 0x57, 0xea,
				  0x4d, 0x99, 0x09, 0xb4, 0x5e, 0xe1 } },
		  { 566, // 164
			  { 0x31, 0xa3, 0xb9, 0xcb, 0x80, 0x19, 0x33, 0xa7, 0x98, 0x92, 0xc9, 0xe9, 0x0e, 0x1c,
				  0x1d, 0x0e, 0x04, 0x95, 0x7f, 0xc1 } },
		  { 569, // 165
			  { 0x31, 0xee, 0x53, 0x98, 0x13, 0x38, 0x81, 0x79, 0xda, 0x58, 0xd8, 0x07, 0xc0, 0x06,
				  0x70, 0x88, 0x5d, 0x04, 0x55, 0xb7 } },
		  { 572, // 166
			  { 0x32, 0x15, 0x16, 0x90, 0x4d, 0x64, 0x81, 0x0f, 0xb0, 0x79, 0x0a, 0x55, 0x32, 0xab,
				  0xc0, 0x24, 0x84, 0x66, 0x19, 0xcf } },
		  { 575, // 167
			  { 0x32, 0x50, 0x8a, 0x29, 0x22, 0x0b, 0xb8, 0xcb, 0x1c, 0x56, 0x23, 0xc1, 0x61, 0x16,
				  0x0f, 0x94, 0x97, 0x89, 0xd8, 0xf7 } },
		  { 578, // 168
			  { 0x32, 0x69, 0xfd, 0x44, 0xd3, 0x6c, 0x4f, 0xd1, 0xbe, 0x53, 0x76, 0x52, 0x75, 0x49,
				  0xf4, 0x23, 0x3b, 0xa0, 0xd0, 0x97 } },
		  { 581, // 169
			  { 0x32, 0x72, 0x0c, 0xdf, 0x04, 0xd4, 0x35, 0x45, 0xc2, 0xbc, 0xd5, 0x00, 0x1a, 0x0b,
				  0xb7, 0xc6, 0x58, 0xaa, 0x30, 0x10 } },
		  { 584, // 170
			  { 0x32, 0x91, 0x95, 0xf3, 0x07, 0x80, 0x94, 0x84, 0x1e, 0x99, 0x90, 0x57, 0x47, 0xba,
				  0x97, 0x4d, 0xdd, 0x7c, 0x8a, 0x15 } },
		  { 587, // 171
			  { 0x32, 0x95, 0x67, 0x31, 0x8c, 0x15, 0xa0, 0xf2, 0x72, 0xc4, 0xa9, 0x2e, 0x02, 0x30,
				  0xf0, 0x04, 0xde, 0x0e, 0x42, 0xb4 } },
		  { 592, // 172
			  { 0x32, 0xe0, 0xef, 0xba, 0x32, 0xde, 0x3f, 0xe4, 0x9a, 0x29, 0x07, 0x24, 0x89, 0xbd,
				  0x9c, 0xec, 0x5f, 0x43, 0xa2, 0x91 } },
		  { 595, // 173
			  { 0x32, 0xfa, 0x5c, 0x25, 0x23, 0x51, 0xd2, 0x73, 0x9d, 0x8e, 0x28, 0xf3, 0x92, 0xbe,
				  0x99, 0xef, 0xc4, 0x8c, 0xba, 0x59 } },
		  { 598, // 174
			  { 0x33, 0x5b, 0x5d, 0x21, 0xf5, 0xcb, 0xa0, 0x5f, 0x10, 0xd6, 0xb9, 0x76, 0x82, 0xbb,
				  0xb7, 0xff, 0xda, 0x33, 0xc3, 0x2d } },
		  { 603, // 175
			  { 0x33, 0x8b, 0xb8, 0x00, 0x56, 0x89, 0xae, 0xae, 0x34, 0x53, 0xa7, 0xf6, 0xc8, 0x3a,
				  0x3a, 0x97, 0xbb, 0xe4, 0xce, 0x5a } },
		  { 606, // 176
			  { 0x33, 0xe9, 0xd4, 0x29, 0xd0, 0x2b, 0xb3, 0x21, 0xbf, 0x81, 0xfc, 0x9b, 0x7c, 0x31,
				  0x3b, 0x35, 0x6c, 0x5f, 0x5f, 0xd7 } },
		  { 609, // 177
			  { 0x34, 0x45, 0x18, 0x59, 0x19, 0x33, 0x28, 0x48, 0xd6, 0xf2, 0x1a, 0x72, 0x75, 0x9a,
				  0x43, 0x87, 0x69, 0xd3, 0xbe, 0xf3 } },
		  { 612, // 178
			  { 0x34, 0x6a, 0x4d, 0xd3, 0x51, 0x9e, 0xc8, 0x4d, 0x63, 0xe4, 0x8f, 0xb2, 0x2e, 0x72,
				  0x33, 0xb2, 0x6c, 0x51, 0xd6, 0x28 } },
		  { 615, // 179
			  { 0x34, 0xb7, 0x0b, 0xaf, 0x9f, 0x5d, 0xe0, 0xe9, 0x3b, 0x67, 0x2e, 0x98, 0x6e, 0x01,
				  0x42, 0x3f, 0xbf, 0x35, 0xce, 0xd4 } },
		  { 618, // 180
			  { 0x34, 0xfd, 0x55, 0xe2, 0xd6, 0x83, 0x35, 0xd7, 0xea, 0xab, 0x75, 0x4b, 0xa5, 0x1d,
				  0x29, 0x20, 0x92, 0x12, 0x78, 0xfa } },
		  { 621, // 181
			  { 0x35, 0x04, 0x3a, 0xec, 0x14, 0x40, 0xbb, 0x0f, 0x1e, 0x12, 0x48, 0x73, 0xb0, 0x67,
				  0x07, 0x5e, 0xc7, 0x23, 0x87, 0xa3 } },
		  { 624, // 182
			  { 0x35, 0x99, 0x6c, 0x00, 0x94, 0xd4, 0xcf, 0xf0, 0x1d, 0x20, 0xe4, 0xf0, 0x83, 0x3d,
				  0x78, 0xf1, 0x1e, 0xa8, 0x7d, 0x0a } },
		  { 627, // 183
			  { 0x35, 0x9f, 0x40, 0x98, 0xba, 0xb3, 0x4b, 0x23, 0x89, 0xf6, 0xa8, 0x66, 0x60, 0x82,
				  0xdc, 0x41, 0xd1, 0x28, 0x82, 0x81 } },
		  { 629, // 184
			  { 0x35, 0xb3, 0xec, 0x69, 0x8b, 0x52, 0x7f, 0x4c, 0x46, 0x19, 0xa4, 0xbd, 0x1f, 0xe6,
				  0x27, 0x22, 0xf5, 0x00, 0x1a, 0xfd } },
		  { 633, // 185
			  { 0x36, 0x1d, 0x1b, 0x5a, 0x64, 0xbb, 0x51, 0xc5, 0xbc, 0xca, 0x11, 0xbc, 0x45, 0xae,
				  0x2e, 0x16, 0xc7, 0x3c, 0xf0, 0x79 } },
		  { 642, // 186
			  { 0x36, 0x1e, 0x3e, 0xbd, 0xb4, 0x4d, 0x6e, 0xcc, 0x0a, 0x80, 0x02, 0xee, 0xee, 0xb8,
				  0x4b, 0x38, 0xc4, 0x7f, 0x42, 0x1b } },
		  { 647, // 187
			  { 0x36, 0x62, 0xd8, 0x45, 0x7f, 0xda, 0x88, 0x04, 0xe9, 0x33, 0x9c, 0x5f, 0x7d, 0x9d,
				  0xc6, 0x0f, 0x05, 0x23, 0x34, 0x72 } },
		  { 650, // 188
			  { 0x36, 0xfe, 0x2f, 0x80, 0xc4, 0x7f, 0xb8, 0xf4, 0x9d, 0x38, 0x3e, 0x22, 0xca, 0xcc,
				  0xb6, 0xaa, 0x92, 0x30, 0x0f, 0x1d } },
		  { 655, // 189
			  { 0x37, 0x65, 0x0b, 0x14, 0x7a, 0x0c, 0x12, 0xf3, 0xce, 0xc2, 0xd7, 0x95, 0x8a, 0x02,
				  0xb6, 0x29, 0x8b, 0xe1, 0x4f, 0xca } },
		  { 658, // 190
			  { 0x38, 0x42, 0xb8, 0xee, 0x27, 0xa4, 0xfe, 0x94, 0xc0, 0xae, 0x73, 0x7b, 0x1a, 0x40,
				  0x06, 0x79, 0x65, 0xa3, 0xd8, 0x25 } },
		  { 661, // 191
			  { 0x38, 0x4a, 0x79, 0xac, 0xc7, 0xdd, 0xc5, 0x62, 0xfc, 0xfe, 0x8f, 0x44, 0x54, 0x41,
				  0x56, 0x0e, 0xc0, 0xe2, 0xb1, 0x6f } },
		  { 664, // 192
			  { 0x38, 0x8c, 0x2f, 0xca, 0x44, 0x62, 0x38, 0xef, 0x1f, 0xce, 0x4c, 0xf6, 0xcc, 0x43,
				  0x8c, 0x2e, 0x2b, 0xfd, 0x4d, 0xeb } },
		  { 667, // 193
			  { 0x38, 0x98, 0xc4, 0xf2, 0xfc, 0xc5, 0x4d, 0x0a, 0xdd, 0x34, 0x59, 0x55, 0x2c, 0x36,
				  0xb3, 0xe3, 0x5c, 0x91, 0xc9, 0x67 } },
		  { 670, // 194
			  { 0x38, 0xb3, 0xf3, 0xc9, 0x3d, 0x77, 0x7a, 0xfb, 0x24, 0x6a, 0x18, 0x63, 0x56, 0xf9,
				  0x6e, 0x5c, 0xc9, 0x60, 0x09, 0x68 } },
		  { 673, // 195
			  { 0x38, 0xb7, 0x74, 0xd4, 0xaa, 0xbd, 0x6d, 0xc2, 0x93, 0x7b, 0xe0, 0x07, 0x6d, 0xdb,
				  0x08, 0xce, 0x4a, 0x95, 0x1c, 0x2b } },
		  { 676, // 196
			  { 0x38, 0xd3, 0xcb, 0xb2, 0xab, 0xb2, 0x44, 0xc8, 0x18, 0xbc, 0x33, 0x9b, 0x2e, 0x50,
				  0xfd, 0xf3, 0xd6, 0x6f, 0x79, 0xf3 } },
		  { 679, // 197
			  { 0x39, 0x03, 0x71, 0x52, 0xb3, 0x95, 0xcb, 0x69, 0x08, 0x3f, 0x4d, 0x27, 0x66, 0x1c,
				  0x0a, 0x29, 0x28, 0x7e, 0x8c, 0xe2 } },
		  { 682, // 198
			  { 0x39, 0x0f, 0xf0, 0xfa, 0x10, 0xa8, 0xdb, 0xc3, 0xa7, 0x2f, 0x35, 0x0f, 0x8d, 0x4b,
				  0xe6, 0xa3, 0x1b, 0x1b, 0x01, 0x29 } },
		  { 685, // 199
			  { 0x39, 0x29, 0x1d, 0x15, 0x97, 0x7a, 0x69, 0x6f, 0xdb, 0xd1, 0xb2, 0x6c, 0x23, 0x11,
				  0x14, 0x24, 0x96, 0xfa, 0x50, 0x74 } },
		  { 688, // 200
			  { 0x39, 0x46, 0x96, 0x03, 0xdf, 0xd5, 0x6f, 0x16, 0xf9, 0x5f, 0x34, 0x65, 0xea, 0x59,
				  0xa4, 0x3a, 0x3f, 0x72, 0xec, 0xbd } },
		  { 691, // 201
			  { 0x39, 0x57, 0x14, 0xcd, 0x62, 0x49, 0x29, 0x23, 0x5c, 0x7b, 0x82, 0x11, 0x15, 0x74,
				  0x80, 0xec, 0xfb, 0x90, 0x76, 0x50 } },
		  { 694, // 202
			  { 0x39, 0xbc, 0x1f, 0xd5, 0xae, 0xc0, 0x68, 0x01, 0x24, 0x2b, 0x49, 0xc4, 0xa6, 0x63,
				  0x89, 0x31, 0x73, 0x11, 0xfb, 0xce } },
		  { 697, // 203
			  { 0x39, 0xd2, 0x5f, 0xf7, 0xd8, 0x3b, 0x75, 0xef, 0xf9, 0x1c, 0x25, 0x83, 0x68, 0xe6,
				  0xab, 0x2a, 0x53, 0x41, 0x2b, 0x82 } },
		  { 700, // 204
			  { 0x39, 0xdc, 0x69, 0x60, 0x4f, 0x8a, 0x2b, 0x31, 0x0c, 0x8d, 0xce, 0xd0, 0x29, 0xad,
				  0xae, 0x2d, 0x17, 0xbe, 0x98, 0x75 } },
		  { 703, // 205
			  { 0x39, 0xef, 0xda, 0x91, 0xb6, 0x8b, 0x10, 0x1d, 0x02, 0x0d, 0x27, 0x60, 0x79, 0xf1,
				  0x5d, 0x2f, 0xd6, 0x79, 0x21, 0x47 } },
		  { 710, // 206
			  { 0x3a, 0x43, 0x25, 0x80, 0x17, 0x5f, 0x9c, 0xed, 0xfc, 0x6b, 0x8e, 0xd6, 0xec, 0xd7,
				  0x80, 0x5a, 0xdf, 0x7b, 0x39, 0x9c } },
		  { 713, // 207
			  { 0x3a, 0x65, 0x84, 0xa4, 0xe4, 0x86, 0xcf, 0x30, 0xba, 0x1c, 0xcf, 0xd5, 0x1b, 0x16,
				  0x8d, 0x7e, 0x97, 0xe2, 0xda, 0xdb } },
		  { 716, // 208
			  { 0x3a, 0x6c, 0x02, 0x5f, 0xed, 0x84, 0x7c, 0x0e, 0xc5, 0x4a, 0x72, 0x18, 0x31, 0x60,
				  0xe9, 0x60, 0x12, 0x2b, 0x78, 0x50 } },
		  { 719, // 209
			  { 0x3a, 0x6e, 0xca, 0xeb, 0x8e, 0x1a, 0x7a, 0x75, 0x57, 0xda, 0x40, 0x10, 0x07, 0x77,
				  0x7a, 0x0d, 0xc4, 0xac, 0xa9, 0xe7 } },
		  { 722, // 210
			  { 0x3a, 0xc2, 0x6a, 0x56, 0x17, 0x02, 0x10, 0x4a, 0xa6, 0x85, 0xf9, 0x69, 0xb9, 0x27,
				  0x50, 0xc0, 0x60, 0x49, 0x90, 0x2e } },
		  { 725, // 211
			  { 0x3b, 0x25, 0x0d, 0x30, 0x5d, 0x17, 0xef, 0x00, 0x6e, 0x59, 0x8a, 0x2a, 0x46, 0x9a,
				  0xbc, 0xf9, 0xdd, 0xc4, 0x06, 0x27 } },
		  { 730, // 212
			  { 0x3b, 0x55, 0xae, 0xf1, 0x05, 0x0f, 0x15, 0x38, 0x4d, 0x85, 0xd2, 0x05, 0x83, 0x52,
				  0xc8, 0xd7, 0x30, 0x13, 0x39, 0x60 } },
		  { 733, // 213
			  { 0x3b, 0x6f, 0xe1, 0x72, 0x83, 0xb4, 0xc1, 0x80, 0xf7, 0xea, 0x15, 0xad, 0xfe, 0xe7,
				  0xf2, 0x86, 0xa1, 0x2a, 0x5a, 0x64 } },
		  { 736, // 214
			  { 0x3b, 0x89, 0x34, 0xf0, 0xb7, 0x96, 0x10, 0x41, 0xc9, 0x5a, 0x78, 0x72, 0xaa, 0xb3,
				  0x7a, 0x70, 0xc4, 0x79, 0xb9, 0xdb } },
		  { 739, // 215
			  { 0x3b, 0xa9, 0xd6, 0x90, 0x2b, 0xdb, 0x29, 0x64, 0x93, 0x69, 0x12, 0x0f, 0x79, 0x06,
				  0xdf, 0x0f, 0x35, 0xeb, 0x9a, 0x23 } },
		  { 742, // 216
			  { 0x3b, 0xca, 0x90, 0xa3, 0xec, 0xeb, 0xbd, 0x92, 0xa4, 0x37, 0x6c, 0x22, 0x6b, 0xe1,
				  0xfc, 0xa6, 0x30, 0x53, 0x2c, 0xc9 } },
		  { 745, // 217
			  { 0x3c, 0x16, 0x00, 0x9b, 0x77, 0x8f, 0x27, 0xbe, 0x49, 0x31, 0x00, 0x08, 0x9c, 0xaa,
				  0x6a, 0xcb, 0x46, 0x5e, 0x68, 0x85 } },
		  { 748, // 218
			  { 0x3c, 0x5a, 0x84, 0xbd, 0xce, 0xf5, 0xbb, 0x5d, 0x2c, 0xf3, 0xf9, 0x43, 0x7f, 0x3f,
				  0x59, 0x77, 0xb0, 0x7c, 0xaf, 0x52 } },
		  { 751, // 219
			  { 0x3c, 0x69, 0x78, 0x18, 0x76, 0xfa, 0xc6, 0x27, 0x7d, 0x6d, 0xd3, 0xaa, 0x06, 0x1f,
				  0xbf, 0x72, 0xed, 0x18, 0x13, 0x53 } },
		  { 754, // 220
			  { 0x3d, 0x14, 0x76, 0x85, 0x9b, 0x31, 0x81, 0x69, 0xcf, 0x6d, 0x63, 0x89, 0x8d, 0xff,
				  0xfd, 0xc1, 0x0d, 0x81, 0xc7, 0x6a } },
		  { 757, // 221
			  { 0x3d, 0x2f, 0xf8, 0xd4, 0xe1, 0x1a, 0x9a, 0x28, 0x96, 0x3d, 0x8c, 0x72, 0x55, 0x2d,
				  0x42, 0x84, 0x2c, 0x57, 0x16, 0xae } },
		  { 760, // 222
			  { 0x3d, 0x33, 0x23, 0x63, 0x3c, 0x80, 0xeb, 0x82, 0x1d, 0x23, 0x32, 0xfd, 0x92, 0x65,
				  0x0a, 0x0a, 0x9b, 0x57, 0xe7, 0x2b } },
		  { 763, // 223
			  { 0x3d, 0xc5, 0xfe, 0x86, 0xf2, 0x82, 0xe1, 0x16, 0xfa, 0xef, 0xc5, 0x12, 0x48, 0xfc,
				  0x09, 0x39, 0x5f, 0x8a, 0xd5, 0x8b } },
		  { 766, // 224
			  { 0x3d, 0xfe, 0x43, 0x30, 0x70, 0xab, 0x48, 0x04, 0xbf, 0x12, 0x14, 0x12, 0xb1, 0xd8,
				  0x33, 0x87, 0x27, 0xe8, 0xf1, 0xb9 } },
		  { 769, // 225
			  { 0x3e, 0x2b, 0x78, 0x33, 0x40, 0xa7, 0xc0, 0x3c, 0xa9, 0x68, 0x85, 0xec, 0xb9, 0x10,
				  0x9d, 0xb3, 0x23, 0x67, 0x20, 0xed } },
		  { 772, // 226
			  { 0x3e, 0xd5, 0xa4, 0xe0, 0x51, 0xc4, 0x5d, 0xb2, 0xca, 0xce, 0x2c, 0xc2, 0x4b, 0xfb,
				  0x40, 0x47, 0xbe, 0xcf, 0x61, 0x78 } },
		  { 777, // 227
			  { 0x3f, 0x28, 0x01, 0x53, 0xbf, 0xa9, 0x1b, 0xf8, 0xc1, 0x0e, 0x68, 0x30, 0xb1, 0xa3,
				  0xec, 0x93, 0x9f, 0x58, 0x6f, 0x37 } },
		  { 780, // 228
			  { 0x3f, 0x29, 0x04, 0x45, 0x57, 0xa3, 0xda, 0x0b, 0x30, 0x94, 0xa7, 0xbf, 0xe7, 0x3c,
				  0xd1, 0x26, 0x4a, 0x87, 0xb8, 0x07 } },
		  { 783, // 229
			  { 0x3f, 0xc6, 0x0c, 0xc4, 0x48, 0x94, 0xc1, 0x58, 0x05, 0xdd, 0x69, 0xae, 0x14, 0x27,
				  0xed, 0xc2, 0x67, 0xbe, 0xba, 0x4c } },
		  { 786, // 230
			  { 0x3f, 0xd9, 0xd1, 0xff, 0x3e, 0xc0, 0x46, 0x3c, 0xc6, 0x03, 0x2e, 0xd0, 0x86, 0xbf,
				  0x29, 0x5f, 0x04, 0x2d, 0x74, 0x8a } },
		  { 789, // 231
			  { 0x40, 0x24, 0x1c, 0x41, 0x5a, 0x11, 0x8d, 0xf9, 0x92, 0xbb, 0xb4, 0xe9, 0x23, 0xac,
				  0x26, 0x3e, 0x2b, 0x7b, 0xa4, 0x02 } },
		  { 792, // 232
			  { 0x40, 0x44, 0x84, 0x5c, 0x01, 0xad, 0xbb, 0xc8, 0x78, 0xec, 0x11, 0x7d, 0x70, 0xbe,
				  0x72, 0x0f, 0x97, 0xe0, 0xea, 0x44 } },
		  { 801, // 233
			  { 0x41, 0x32, 0xdb, 0x18, 0x30, 0xc6, 0x08, 0xa3, 0xf3, 0x15, 0xf1, 0xd2, 0xc3, 0x97,
				  0x03, 0xc1, 0x96, 0x81, 0x6b, 0xe3 } },
		  { 804, // 234
			  { 0x41, 0x43, 0x38, 0xda, 0x47, 0xd1, 0x54, 0x8c, 0xe5, 0x5b, 0xdd, 0x46, 0x48, 0xb7,
				  0xc6, 0x8e, 0x10, 0x0d, 0x70, 0x6c } },
		  { 806, // 235
			  { 0x42, 0x10, 0x9e, 0x43, 0x5d, 0x0f, 0x53, 0x08, 0x15, 0x06, 0xce, 0x47, 0xc4, 0xe0,
				  0x55, 0xb4, 0x0a, 0x9d, 0x0f, 0xe5 } },
		  { 809, // 236
			  { 0x42, 0x76, 0xbf, 0xb3, 0x76, 0x31, 0x04, 0x81, 0x02, 0x8e, 0x87, 0xea, 0x38, 0x5e,
				  0x53, 0xbe, 0x5d, 0xce, 0x2c, 0x8a } },
		  { 812, // 237
			  { 0x42, 0x78, 0x0d, 0xbb, 0xa5, 0x4c, 0x45, 0x01, 0xfc, 0xae, 0xc6, 0x88, 0x62, 0x09,
				  0x9d, 0x92, 0xf8, 0xf5, 0xf0, 0xaa } },
		  { 815, // 238
			  { 0x42, 0xf5, 0x41, 0xc1, 0xd9, 0xf8, 0x3a, 0x0d, 0x7a, 0x93, 0x2a, 0xa3, 0xc5, 0x5a,
				  0xa8, 0x9f, 0x7c, 0x0d, 0xe7, 0x4d } },
		  { 820, // 239
			  { 0x43, 0x10, 0xca, 0xeb, 0x82, 0x11, 0x80, 0x85, 0xed, 0xf9, 0xf7, 0xb9, 0xe7, 0x93,
				  0xdd, 0x96, 0x62, 0x50, 0x26, 0xf4 } },
		  { 823, // 240
			  { 0x43, 0x68, 0x2e, 0x94, 0xc6, 0x44, 0xb2, 0x08, 0x31, 0xfb, 0x83, 0x0c, 0x8f, 0xc0,
				  0xb7, 0xc6, 0x4d, 0x18, 0xdf, 0xf0 } },
		  { 826, // 241
			  { 0x44, 0x34, 0x33, 0xb2, 0xf7, 0x1b, 0xbc, 0x3f, 0x0e, 0x32, 0x13, 0x79, 0x8f, 0x1a,
				  0x44, 0x25, 0x2c, 0x98, 0x9e, 0xf2 } },
		  { 829, // 242
			  { 0x44, 0xa1, 0xf0, 0x28, 0xba, 0x25, 0x65, 0xc3, 0x5a, 0x8c, 0x7b, 0x1f, 0xe6, 0x41,
				  0x58, 0xa2, 0x6a, 0xa8, 0xf6, 0x30 } },
		  { 834, // 243
			  { 0x44, 0xa7, 0x3b, 0x15, 0xa1, 0x88, 0x10, 0xe1, 0xdd, 0x89, 0xd6, 0x19, 0xad, 0x57,
				  0x19, 0xf0, 0x56, 0x8a, 0x32, 0x3c } },
		  { 837, // 244
			  { 0x44, 0xf2, 0xa4, 0xfd, 0x14, 0x93, 0xa1, 0xd7, 0x0d, 0xed, 0x58, 0x46, 0x06, 0xba,
				  0xed, 0x55, 0x9a, 0x9d, 0x09, 0x2d } },
		  { 840, // 245
			  { 0x45, 0x7e, 0xae, 0xf8, 0xce, 0x2f, 0x5b, 0x35, 0x9e, 0x40, 0x4f, 0x08, 0xb4, 0x1f,
				  0x1d, 0xb0, 0x74, 0x4f, 0xb7, 0xa1 } },
		  { 843, // 246
			  { 0x45, 0x84, 0x12, 0xc8, 0x36, 0xbf, 0xbf, 0x04, 0x1c, 0x47, 0x41, 0x8b, 0x0a, 0x61,
				  0x14, 0x83, 0xa8, 0x4e, 0xef, 0xac } },
		  { 846, // 247
			  { 0x45, 0xac, 0x46, 0xbf, 0xe7, 0x5d, 0xf4, 0xca, 0x03, 0xad, 0x64, 0x5e, 0x8a, 0x6a,
				  0xd3, 0x80, 0xf1, 0x8d, 0xd1, 0xd5 } },
		  { 849, // 248
			  { 0x45, 0xba, 0xf4, 0xb8, 0x3c, 0xde, 0x20, 0xa5, 0xb0, 0xfa, 0x2a, 0x9f, 0xaf, 0x7b,
				  0xbd, 0x78, 0x1a, 0xa8, 0xec, 0xe9 } },
		  { 852, // 249
			  { 0x45, 0xfa, 0x09, 0xd1, 0x8c, 0x6b, 0x85, 0xe9, 0x9b, 0x82, 0x6e, 0xf8, 0xf8, 0x10,
				  0xce, 0x84, 0xcb, 0xf2, 0x82, 0x46 } },
		  { 855, // 250
			  { 0x46, 0x02, 0x2c, 0xb8, 0x48, 0xf0, 0xe9, 0x90, 0x1f, 0x62, 0x3d, 0x3e, 0xe8, 0x74,
				  0x3e, 0x9f, 0x7a, 0x92, 0x6c, 0x18 } },
		  { 858, // 251
			  { 0x46, 0x18, 0x70, 0xa7, 0xdd, 0xa5, 0x15, 0x2f, 0x69, 0x7f, 0x00, 0x61, 0x88, 0x96,
				  0x5d, 0x7a, 0x34, 0x6b, 0x2c, 0x5a } },
		  { 861, // 252
			  { 0x46, 0x20, 0xdb, 0x8c, 0xa5, 0x7b, 0xa3, 0x0a, 0x57, 0xe7, 0x26, 0x0c, 0x45, 0xf4,
				  0x0f, 0x48, 0x88, 0xb5, 0xbc, 0xbc } },
		  { 864, // 253
			  { 0x46, 0x2b, 0xfb, 0xf0, 0x75, 0xcb, 0xe6, 0xbe, 0x9d, 0x4c, 0x4e, 0x75, 0x7f, 0x62,
				  0xd0, 0x72, 0xfa, 0x06, 0xbb, 0x04 } },
		  { 867, // 254
			  { 0x46, 0x50, 0x40, 0x9b, 0xd0, 0x97, 0x71, 0x97, 0xc8, 0x5c, 0xf6, 0xa7, 0x8a, 0xd8,
				  0xd5, 0xe9, 0x9f, 0x79, 0x97, 0x61 } },
		  { 870, // 255
			  { 0x46, 0x51, 0x12, 0x93, 0x3d, 0x6c, 0x5a, 0x4f, 0x2b, 0x2f, 0x12, 0xce, 0x86, 0xc9,
				  0xd0, 0xa9, 0xff, 0x1c, 0xd5, 0x15 } },
		  { 873, // 256
			  { 0x46, 0x85, 0xb2, 0x75, 0x61, 0x7c, 0x46, 0xfa, 0x28, 0x98, 0x4f, 0x99, 0x6f, 0xd3,
				  0xbc, 0xe7, 0xd4, 0x1e, 0x7d, 0xcc } },
		  { 876, // 257
			  { 0x46, 0xb0, 0x89, 0xea, 0xd9, 0x0d, 0x1f, 0x39, 0x4f, 0x06, 0xd1, 0xb5, 0x00, 0x04,
				  0x2e, 0x1e, 0xf0, 0xa6, 0xdc, 0x1d } },
		  { 881, // 258
			  { 0x47, 0x1a, 0xa3, 0xbb, 0x66, 0xc8, 0xbd, 0xb2, 0x80, 0xe6, 0x6b, 0x55, 0x35, 0x44,
				  0x15, 0x66, 0xa8, 0x47, 0x84, 0x07 } },
		  { 884, // 259
			  { 0x47, 0x28, 0xf4, 0xae, 0xf6, 0x83, 0x8f, 0x0e, 0xd7, 0xa2, 0x73, 0xa6, 0x9d, 0xe1,
				  0xf5, 0x71, 0x1f, 0x02, 0xc5, 0x5f } },
		  { 901, // 260
			  { 0x47, 0x71, 0x9c, 0xc7, 0x5d, 0x15, 0x62, 0x93, 0x87, 0xf0, 0xdd, 0x86, 0xc3, 0x24,
				  0xbd, 0x87, 0x25, 0x1b, 0x4b, 0x99 } },
		  { 904, // 261
			  { 0x47, 0x82, 0x0c, 0x96, 0xb2, 0x42, 0x38, 0xe9, 0x11, 0x98, 0xbb, 0x4b, 0x54, 0xdc,
				  0x3f, 0x28, 0x20, 0x17, 0x71, 0x73 } },
		  { 907, // 262
			  { 0x47, 0xac, 0x59, 0xa4, 0xe2, 0x7a, 0x59, 0xb9, 0x5c, 0xd6, 0xa2, 0xe5, 0x5d, 0xa2,
				  0x32, 0x3e, 0x39, 0xef, 0x34, 0x04 } },
		  { 910, // 263
			  { 0x47, 0xb7, 0x35, 0x8c, 0x06, 0xc4, 0xfa, 0xf5, 0x91, 0x20, 0xbf, 0x6b, 0xf1, 0x25,
				  0x4e, 0x2a, 0xae, 0x02, 0xff, 0x51 } },
		  { 913, // 264
			  { 0x47, 0xfc, 0x57, 0x99, 0x65, 0x41, 0x0c, 0xb3, 0xab, 0xcf, 0x6a, 0x9e, 0xbe, 0x25,
				  0xf6, 0x51, 0x62, 0x7a, 0xc7, 0x1e } },
		  { 916, // 265
			  { 0x48, 0x7a, 0xae, 0x12, 0xe8, 0x10, 0xbb, 0xc5, 0xa5, 0x61, 0xbf, 0xc1, 0x81, 0x39,
				  0x16, 0xcc, 0x36, 0x36, 0x47, 0x40 } },
		  { 919, // 266
			  { 0x48, 0x96, 0x23, 0x3d, 0x58, 0x4e, 0x80, 0xa1, 0x89, 0xeb, 0xe9, 0x9c, 0xe6, 0xd6,
				  0x82, 0x9b, 0x7d, 0x95, 0xc1, 0xa0 } },
		  { 922, // 267
			  { 0x49, 0x18, 0x28, 0x1d, 0x9d, 0x95, 0x98, 0x2b, 0x9a, 0xc2, 0xbe, 0x79, 0xac, 0x8a,
				  0x4d, 0x41, 0x01, 0x1a, 0xe2, 0x23 } },
		  { 925, // 268
			  { 0x49, 0x4d, 0x69, 0xcd, 0x26, 0xe3, 0x4d, 0xd9, 0x5b, 0xe6, 0x81, 0x8e, 0x7b, 0x1a,
				  0xe6, 0x0e, 0x93, 0x8f, 0x9a, 0x7d } },
		  { 928, // 269
			  { 0x49, 0x5d, 0x5b, 0x2b, 0x99, 0xcc, 0x1b, 0x52, 0xdc, 0x12, 0xe1, 0x64, 0x46, 0xa9,
				  0x04, 0xcb, 0x1f, 0xff, 0x46, 0x57 } },
		  { 930, // 270
			  { 0x49, 0xa1, 0x30, 0x19, 0x83, 0x25, 0xce, 0x00, 0xc6, 0x9b, 0xd0, 0x51, 0x58, 0xad,
				  0x3b, 0xdd, 0x8b, 0xa4, 0xfa, 0x15 } },
		  { 961, // 271
			  { 0x49, 0xcb, 0xc3, 0xe3, 0xd1, 0x7f, 0x44, 0xd7, 0xa3, 0x25, 0xf4, 0xec, 0xfe, 0x84,
				  0x47, 0x5a, 0xc4, 0x9d, 0x32, 0x69 } },
		  { 964, // 272
			  { 0x4a, 0x08, 0xb2, 0xa1, 0x02, 0x76, 0xc6, 0x93, 0xaf, 0xf5, 0xa6, 0xc6, 0x15, 0x85,
				  0x19, 0xc0, 0x81, 0xa8, 0xc4, 0x95 } },
		  { 967, // 273
			  { 0x4a, 0x84, 0x2a, 0x1e, 0x66, 0x65, 0x8e, 0x7c, 0x2a, 0xd7, 0xc4, 0xdf, 0xd1, 0xf4,
				  0x09, 0x29, 0x32, 0x3c, 0xb5, 0xe8 } },
		  { 970, // 274
			  { 0x4a, 0x8e, 0x40, 0x8b, 0xbd, 0x1f, 0x3f, 0x23, 0xb4, 0x03, 0x66, 0x2e, 0x71, 0xd2,
				  0x83, 0x79, 0x47, 0xdd, 0x22, 0x3f } },
		  { 973, // 275
			  { 0x4b, 0xff, 0xee, 0x12, 0x6d, 0x66, 0x25, 0xb1, 0xa6, 0xf8, 0xae, 0xf4, 0x86, 0x0e,
				  0x64, 0x5b, 0x9c, 0x82, 0x1d, 0x39 } },
		  { 975, // 276
			  { 0x4c, 0x35, 0x41, 0xd4, 0x77, 0xd2, 0xa2, 0xd0, 0x51, 0x00, 0x06, 0x4a, 0x94, 0x07,
				  0x05, 0x70, 0x99, 0x20, 0xcc, 0x2b } },
		  { 978, // 277
			  { 0x4d, 0x4b, 0x5d, 0x76, 0x4d, 0xa8, 0x14, 0xd4, 0xa1, 0x28, 0x11, 0x08, 0xa0, 0x09,
				  0xc0, 0xaa, 0x6f, 0xd7, 0xae, 0xe7 } },
		  { 981, // 278
			  { 0x4d, 0x93, 0xd8, 0xd4, 0x76, 0x0a, 0x9f, 0x06, 0x0f, 0x57, 0xc1, 0x2b, 0x58, 0x9a,
				  0xba, 0xab, 0x19, 0xed, 0x4e, 0x61 } },
		  { 984, // 279
			  { 0x4d, 0xe6, 0x9c, 0xa9, 0xe2, 0x84, 0x0d, 0x5e, 0x00, 0x49, 0x59, 0xe1, 0x15, 0x3b,
				  0x3a, 0x65, 0xd8, 0x7c, 0x82, 0xaf } },
		  { 986, // 280
			  { 0x4d, 0xef, 0x6a, 0x20, 0xcb, 0xa1, 0x6d, 0xea, 0x60, 0xc6, 0x66, 0xca, 0x4e, 0x23,
				  0x2b, 0xac, 0x3e, 0xb1, 0x49, 0xf3 } },
		  { 989, // 281
			  { 0x4e, 0x37, 0x5f, 0xf1, 0x28, 0x2a, 0xe7, 0x38, 0x42, 0x90, 0xa1, 0x11, 0x19, 0x69,
				  0x35, 0x10, 0x61, 0xdf, 0xf9, 0x02 } },
		  { 992, // 282
			  { 0x4e, 0xa8, 0x0f, 0xc8, 0xe3, 0x82, 0x7e, 0x8e, 0x4a, 0x17, 0x59, 0xe8, 0x8d, 0x87,
				  0x0b, 0x5a, 0xe1, 0x28, 0x65, 0x71 } },
		  { 995, // 283
			  { 0x4f, 0x6f, 0xf4, 0x8a, 0x22, 0x34, 0x81, 0xc7, 0xa7, 0x27, 0x2c, 0x80, 0x48, 0x52,
				  0x7d, 0x69, 0xa8, 0x01, 0x85, 0x88 } },
		  { 998, // 284
			  { 0x4f, 0x85, 0xe6, 0xf3, 0x26, 0x6b, 0xa3, 0x85, 0xb3, 0x4b, 0x0f, 0xa8, 0x6c, 0x4b,
				  0x61, 0xc1, 0xd8, 0xc7, 0xa8, 0x64 } },
		  { 1001, // 285
			  { 0x4f, 0xb2, 0x19, 0x23, 0x5f, 0x16, 0x68, 0x2d, 0x4c, 0xcd, 0x72, 0x48, 0x0b, 0x05,
				  0x6e, 0x20, 0x29, 0x6c, 0x2b, 0x2e } },
		  { 1004, // 286
			  { 0x4f, 0xca, 0x22, 0xea, 0x91, 0x24, 0xa5, 0x8d, 0x3c, 0xfa, 0x0d, 0xb0, 0x0c, 0x81,
				  0x8b, 0xb1, 0x19, 0xfa, 0xae, 0x03 } },
		  { 1007, // 287
			  { 0x4f, 0xca, 0xbd, 0x46, 0x4e, 0x8b, 0x97, 0x86, 0x9e, 0xfb, 0x30, 0xfb, 0xcb, 0x84,
				  0x60, 0x79, 0x5e, 0x94, 0x2e, 0x26 } },
		  { 1010, // 288
			  { 0x4f, 0xd6, 0xd9, 0xdf, 0xce, 0x48, 0x4c, 0xb5, 0x7c, 0x16, 0x6d, 0x38, 0xc3, 0xbf,
				  0xaa, 0x8a, 0xbf, 0x3c, 0x32, 0x9d } },
		  { 1013, // 289
			  { 0x50, 0x3e, 0x35, 0xbf, 0xd5, 0x7d, 0xc1, 0x50, 0x1d, 0x86, 0x32, 0x1b, 0x1c, 0x5e,
				  0xa0, 0x70, 0xab, 0xe2, 0x5e, 0x48 } },
		  { 1016, // 290
			  { 0x50, 0x63, 0xb0, 0xf5, 0x93, 0x93, 0x77, 0xcc, 0x8a, 0x92, 0x9b, 0xaf, 0x9d, 0xa8,
				  0x85, 0x2d, 0x97, 0x35, 0xc0, 0x9c } },
		  { 1019, // 291
			  { 0x50, 0x63, 0xe6, 0xc2, 0xd9, 0x75, 0xd1, 0x4a, 0xc3, 0x3e, 0x9f, 0x64, 0x66, 0xbd,
				  0x24, 0xb8, 0x03, 0x42, 0xef, 0xc1 } },
		  { 1022, // 292
			  { 0x50, 0xf1, 0x0b, 0xae, 0x24, 0x98, 0x95, 0x52, 0x1a, 0x8e, 0x05, 0xe7, 0x96, 0x2b,
				  0x7f, 0x36, 0x86, 0xe8, 0xe0, 0x78 } },
		  { 1027, // 293
			  { 0x51, 0x02, 0x52, 0xb8, 0x71, 0x78, 0x9f, 0x0a, 0x60, 0x3e, 0x6a, 0xd5, 0x75, 0xf2,
				  0xee, 0x75, 0xf9, 0xbf, 0x83, 0x5f } },
		  { 1030, // 294
			  { 0x51, 0xa7, 0xf4, 0x3e, 0x64, 0x39, 0xd3, 0x2f, 0x82, 0x54, 0xf6, 0x6a, 0x3d, 0x6d,
				  0x1c, 0xa7, 0x40, 0x92, 0xa2, 0x14 } },
		  { 1035, // 295
			  { 0x52, 0x1d, 0x8c, 0x42, 0xe5, 0x9f, 0x94, 0x49, 0x3a, 0x02, 0x60, 0x56, 0xa4, 0xf5,
				  0x9c, 0x93, 0x26, 0x6a, 0x05, 0xf1 } },
		  { 1038, // 296
			  { 0x52, 0x50, 0x7d, 0x47, 0x19, 0xed, 0xa5, 0x0c, 0x31, 0xea, 0x69, 0xc5, 0x55, 0x36,
				  0x49, 0x13, 0xfe, 0x3a, 0x42, 0xe4 } },
		  { 1041, // 297
			  { 0x52, 0x80, 0x89, 0x0b, 0xff, 0x9b, 0xec, 0x5f, 0x0f, 0xa8, 0x59, 0x26, 0x47, 0xd7,
				  0xa6, 0xa6, 0xc1, 0x51, 0xdc, 0x00 } },
		  { 1051, // 298
			  { 0x52, 0xaf, 0xea, 0x35, 0x5c, 0xae, 0x00, 0x78, 0x67, 0x09, 0x73, 0xb6, 0x13, 0xb2,
				  0x0f, 0xd2, 0x2f, 0xd0, 0x3a, 0x5c } },
		  { 1054, // 299
			  { 0x53, 0xdd, 0x99, 0x1c, 0x9f, 0x94, 0x95, 0x8a, 0xe0, 0x76, 0xe4, 0xf2, 0x94, 0xfc,
				  0x2d, 0x63, 0x8c, 0x10, 0x81, 0xb5 } },
		  { 1057, // 300
			  { 0x54, 0x7e, 0xfc, 0x4f, 0xd8, 0xea, 0xa3, 0x07, 0x7b, 0xc4, 0x17, 0x10, 0x36, 0xa0,
				  0xed, 0xcc, 0x4e, 0x65, 0x83, 0x40 } },
		  { 1060, // 301
			  { 0x55, 0x14, 0x6f, 0x01, 0x1c, 0x24, 0x2e, 0x36, 0xa0, 0xfd, 0x51, 0x37, 0x97, 0x66,
				  0x12, 0x32, 0xe9, 0x63, 0x64, 0x78 } },
		  { 1063, // 302
			  { 0x55, 0x98, 0x6f, 0x12, 0x7b, 0x3e, 0x33, 0xcb, 0x45, 0x13, 0xe6, 0x41, 0x05, 0xbc,
				  0x22, 0xed, 0xc7, 0x0b, 0x42, 0x8e } },
		  { 1065, // 303
			  { 0x56, 0x0e, 0xa5, 0xd7, 0x52, 0xe7, 0xfb, 0x7a, 0x8a, 0xda, 0x52, 0xed, 0xf9, 0x8b,
				  0x24, 0x7c, 0x15, 0xf3, 0xd1, 0x05 } },
		  { 1070, // 304
			  { 0x56, 0x4c, 0x79, 0xed, 0x06, 0xda, 0x42, 0x48, 0xd2, 0x71, 0x50, 0xa4, 0xae, 0x62,
				  0xb1, 0x7c, 0xcc, 0xa9, 0x2c, 0xb1 } },
		  { 1073, // 305
			  { 0x56, 0x61, 0x87, 0xa2, 0x78, 0xa6, 0xe0, 0x20, 0x4a, 0x31, 0xf7, 0x54, 0x71, 0x06,
				  0xc7, 0x5b, 0x04, 0x6e, 0x86, 0x56 } },
		  { 1080, // 306
			  { 0x56, 0xc9, 0x9c, 0x4c, 0xac, 0x21, 0x32, 0xe4, 0x94, 0xbd, 0xb1, 0xd8, 0x90, 0x2a,
				  0x25, 0xbc, 0x74, 0x16, 0x7b, 0xbd } },
		  { 1082, // 307
			  { 0x56, 0xd4, 0xd3, 0x7d, 0x1e, 0x55, 0xdb, 0x6c, 0x77, 0x09, 0x09, 0x06, 0x88, 0x06,
				  0x14, 0x51, 0x5a, 0x40, 0xe6, 0xe4 } },
		  { 1084, // 308
			  { 0x56, 0xd8, 0x7d, 0x56, 0x1d, 0xf2, 0x67, 0x86, 0x8e, 0xba, 0x93, 0x9d, 0x9b, 0x27,
				  0xf5, 0x04, 0x95, 0x01, 0x0b, 0x5b } },
		  { 1087, // 309
			  { 0x57, 0x5d, 0x91, 0xff, 0x6e, 0x25, 0x06, 0xa9, 0xd6, 0xc2, 0x59, 0x57, 0x0e, 0x40,
				  0xc4, 0x4b, 0x55, 0xd9, 0x47, 0x99 } },
		  { 1090, // 310
			  { 0x57, 0xb5, 0x4d, 0xf3, 0x61, 0x5b, 0x45, 0x51, 0x68, 0x7e, 0x49, 0xff, 0x79, 0xcb,
				  0x70, 0x8e, 0xbe, 0x1a, 0x4a, 0x59 } },
		  { 1093, // 311
			  { 0x58, 0x6b, 0x36, 0x5c, 0x20, 0x9f, 0x7f, 0x2c, 0x60, 0xd7, 0x46, 0xcf, 0x6a, 0x50,
				  0x63, 0x0f, 0xab, 0xfc, 0xbe, 0x13 } },
		  { 1096, // 312
			  { 0x58, 0x78, 0xe1, 0xd0, 0x62, 0xa8, 0x5f, 0x1f, 0xca, 0x6c, 0x56, 0x1a, 0xd3, 0x1c,
				  0x05, 0xc7, 0x07, 0x03, 0x56, 0x23 } },
		  { 1103, // 313
			  { 0x58, 0x97, 0x33, 0xfc, 0xce, 0xf7, 0xdb, 0x3e, 0x81, 0xa0, 0x4d, 0x1a, 0xd4, 0xd9,
				  0x28, 0x33, 0xfa, 0xb0, 0x67, 0x52 } },
		  { 1106, // 314
			  { 0x58, 0xbd, 0xcb, 0xe0, 0x99, 0xab, 0x13, 0xfc, 0xf5, 0x1d, 0xce, 0xeb, 0x8b, 0xd4,
				  0x13, 0xc7, 0x1d, 0x88, 0x6d, 0x42 } },
		  { 1109, // 315
			  { 0x58, 0xc6, 0x56, 0x5f, 0x4d, 0xb3, 0x61, 0xaa, 0x71, 0x9f, 0x2c, 0xac, 0x39, 0xa3,
				  0xee, 0x39, 0x84, 0x1f, 0x5f, 0xf3 } },
		  { 1112, // 316
			  { 0x59, 0x28, 0x53, 0xa7, 0x11, 0x97, 0x98, 0x94, 0x00, 0x8f, 0xb4, 0x49, 0x82, 0x11,
				  0x0d, 0x95, 0x97, 0xf2, 0x11, 0xbd } },
		  { 1115, // 317
			  { 0x5a, 0x20, 0xdd, 0x49, 0x23, 0x69, 0x3c, 0xc5, 0xb5, 0x4c, 0x0c, 0x12, 0xe5, 0x43,
				  0x20, 0xf1, 0x0a, 0x26, 0x18, 0x42 } },
		  { 1118, // 318
			  { 0x5a, 0x8f, 0x83, 0xe3, 0x93, 0x0f, 0x26, 0x2c, 0xc9, 0x32, 0x22, 0x0d, 0xc4, 0xca,
				  0xd1, 0xbc, 0x3b, 0xbf, 0x57, 0x55 } },
		  { 1121, // 319
			  { 0x5a, 0xab, 0x9c, 0x04, 0x3a, 0xc0, 0xf1, 0x80, 0x92, 0xbc, 0x5d, 0xe7, 0x03, 0x93,
				  0x02, 0x26, 0x1c, 0x98, 0x8a, 0xbf } },
		  { 1124, // 320
			  { 0x5b, 0x35, 0x50, 0x33, 0xcf, 0x56, 0xaf, 0x4d, 0x4a, 0xf8, 0x18, 0x12, 0x10, 0xe6,
				  0xc6, 0x59, 0x78, 0x98, 0x8e, 0xb5 } },
		  { 1127, // 321
			  { 0x5b, 0x45, 0x94, 0x0b, 0x88, 0xf0, 0xe4, 0xd1, 0x1a, 0xb9, 0x94, 0x12, 0xad, 0x4a,
				  0xa1, 0xe6, 0xd8, 0xa4, 0x66, 0xde } },
		  { 1172, // 322
			  { 0x5b, 0x4f, 0xe3, 0xa8, 0xfc, 0xeb, 0x04, 0x30, 0x9d, 0xf9, 0xa3, 0x4f, 0xe0, 0x71,
				  0x88, 0xda, 0x17, 0x84, 0x76, 0xa9 } },
		  { 1174, // 323
			  { 0x5b, 0xa3, 0x8e, 0x92, 0xa4, 0x45, 0x9a, 0xab, 0x8c, 0x61, 0x22, 0xfa, 0x63, 0xe5,
				  0x80, 0x9b, 0x22, 0x0f, 0xc7, 0x9f } },
		  { 1177, // 324
			  { 0x5b, 0xab, 0x3b, 0x8b, 0x2a, 0xb3, 0x5f, 0xf1, 0xa1, 0xaa, 0x60, 0xe4, 0x04, 0xee,
				  0x9d, 0xa2, 0x30, 0x4c, 0xee, 0xa2 } },
		  { 1179, // 325
			  { 0x5e, 0x2e, 0xc4, 0x79, 0x40, 0xbe, 0x4b, 0xef, 0x17, 0x7e, 0x15, 0x90, 0xbc, 0x34,
				  0xc8, 0x83, 0x71, 0x8c, 0xf6, 0xb9 } },
		  { 1182, // 326
			  { 0x5e, 0x7a, 0x70, 0x88, 0x34, 0x06, 0x1a, 0xa0, 0xac, 0xe3, 0xcf, 0x8e, 0xd7, 0x18,
				  0xb5, 0xb5, 0x2e, 0x62, 0x68, 0xbb } },
		  { 1185, // 327
			  { 0x5e, 0xaf, 0x27, 0xe3, 0xd7, 0xea, 0x73, 0x8e, 0x6f, 0x96, 0x0c, 0x12, 0xfd, 0xd0,
				  0x4c, 0x35, 0xff, 0x27, 0xc8, 0xb2 } },
		  { 1188, // 328
			  { 0x5e, 0xc4, 0x6a, 0x09, 0xc9, 0xa3, 0x7f, 0xcb, 0xba, 0xa9, 0x95, 0xd6, 0x62, 0xf2,
				  0x66, 0x9d, 0x84, 0xab, 0x59, 0x88 } },
		  { 1191, // 329
			  { 0x5e, 0xdf, 0x89, 0x89, 0x43, 0xc2, 0x49, 0x72, 0x11, 0x75, 0xb6, 0x5a, 0x31, 0x22,
				  0xc2, 0x68, 0x62, 0x8e, 0x48, 0xed } },
		  { 1194, // 330
			  { 0x5f, 0x5b, 0xe3, 0x3d, 0x91, 0x63, 0x07, 0x84, 0x83, 0x55, 0xae, 0x9f, 0x27, 0x76,
				  0xd8, 0x98, 0x94, 0x5c, 0x60, 0xab } },
		  { 1197, // 331
			  { 0x5f, 0x74, 0xd7, 0xc4, 0x12, 0x60, 0x03, 0xb3, 0x6b, 0x89, 0x2d, 0x12, 0x4c, 0xb9,
				  0xfd, 0xc1, 0x7f, 0x55, 0xf7, 0x84 } },
		  { 1200, // 332
			  { 0x5f, 0xa7, 0x47, 0xc2, 0x12, 0xda, 0x99, 0x8a, 0x2c, 0x96, 0x0e, 0x93, 0xed, 0x3a,
				  0x41, 0x7c, 0x11, 0x7c, 0x19, 0x40 } },
		  { 1217, // 333
			  { 0x60, 0x38, 0x0a, 0x34, 0xd3, 0x47, 0x78, 0xd2, 0x54, 0xc3, 0x5b, 0x70, 0x0a, 0xcf,
				  0x02, 0xb7, 0x93, 0x0f, 0x11, 0xe1 } },
		  { 1220, // 334
			  { 0x60, 0x8f, 0x35, 0x1a, 0xb5, 0xa6, 0x5a, 0xe9, 0xf7, 0x8b, 0x33, 0xe5, 0xea, 0x52,
				  0xe5, 0xe6, 0xbf, 0xd1, 0x24, 0xc8 } },
		  { 1223, // 335
			  { 0x60, 0xbc, 0xa0, 0xcf, 0xc9, 0xf5, 0x1f, 0xeb, 0xc5, 0xde, 0xd3, 0xc1, 0xb3, 0xf7,
				  0xef, 0x04, 0x28, 0x75, 0xe9, 0x2c } },
		  { 1226, // 336
			  { 0x61, 0x0d, 0xc0, 0x41, 0xc3, 0x5a, 0x21, 0xe5, 0x44, 0x3e, 0xa9, 0x80, 0x8b, 0x8a,
				  0x08, 0x4c, 0x7c, 0x1d, 0x0e, 0x70 } },
		  { 1229, // 337
			  { 0x61, 0x23, 0x1d, 0x00, 0x53, 0xe0, 0x5d, 0x3a, 0xd8, 0x68, 0x98, 0x63, 0xdb, 0x66,
				  0x00, 0x06, 0x51, 0x0b, 0x40, 0x45 } },
		  { 1238, // 338
			  { 0x61, 0x40, 0x71, 0xcd, 0xed, 0xd0, 0xba, 0x25, 0x71, 0x0c, 0x4c, 0xf5, 0x5d, 0xd9,
				  0x40, 0xde, 0x27, 0x8b, 0xb2, 0x02 } },
		  { 1241, // 339
			  { 0x61, 0x91, 0x02, 0x7e, 0xe3, 0x54, 0xc1, 0xf6, 0x8b, 0xd8, 0x41, 0x18, 0xb1, 0x1a,
				  0x4b, 0x28, 0x1d, 0x72, 0xd2, 0x7c } },
		  { 1244, // 340
			  { 0x61, 0x91, 0xd3, 0x1e, 0x48, 0xc2, 0x75, 0xcb, 0x84, 0x4b, 0xa3, 0x69, 0xb8, 0x75,
				  0x8d, 0x2b, 0xae, 0x8f, 0xd5, 0x11 } },
		  { 1247, // 341
			  { 0x61, 0x9a, 0x17, 0x20, 0x2a, 0x5b, 0xe8, 0xf1, 0xab, 0x38, 0xd8, 0xf3, 0x89, 0x7d,
				  0xfc, 0x03, 0xe7, 0xbe, 0xc3, 0x88 } },
		  { 1252, // 342
			  { 0x61, 0xed, 0x5a, 0xf4, 0xfa, 0xfb, 0xe0, 0xb4, 0x06, 0x24, 0x08, 0x5d, 0x80, 0xc5,
				  0xab, 0x97, 0xa6, 0x28, 0x82, 0xb1 } },
		  { 1255, // 343
			  { 0x62, 0x45, 0x1c, 0xee, 0x08, 0x45, 0xdd, 0x9b, 0xa4, 0x64, 0xd2, 0x59, 0x28, 0x6e,
				  0x71, 0x0a, 0x5e, 0x53, 0x18, 0xbd } },
		  { 1257, // 344
			  { 0x62, 0x6b, 0xc4, 0x77, 0x87, 0x9e, 0xa5, 0xfa, 0x71, 0xa4, 0x78, 0x49, 0xdc, 0xed,
				  0xd0, 0xd7, 0x09, 0x06, 0xa5, 0x94 } },
		  { 1260, // 345
			  { 0x63, 0x61, 0x22, 0x3a, 0x9e, 0x23, 0x52, 0x87, 0x05, 0x3c, 0xb1, 0x7a, 0xef, 0xa3,
				  0xa9, 0x33, 0x19, 0x6c, 0x0c, 0xfe } },
		  { 1263, // 346
			  { 0x63, 0x7d, 0x7c, 0xf1, 0x4d, 0x00, 0xeb, 0xdf, 0xa2, 0xb2, 0x35, 0x09, 0x4f, 0x72,
				  0xfb, 0xad, 0x37, 0x98, 0x92, 0xd3 } },
		  { 1266, // 347
			  { 0x63, 0x88, 0xbb, 0xd0, 0x12, 0x92, 0xff, 0x74, 0xf2, 0x94, 0x73, 0x58, 0x9d, 0x5a,
				  0xef, 0x7d, 0x16, 0x3a, 0x6d, 0xca } },
		  { 1297, // 348
			  { 0x63, 0xe0, 0xb8, 0x63, 0x13, 0x49, 0x2b, 0xab, 0x54, 0xa3, 0x66, 0x8c, 0x00, 0x8a,
				  0x25, 0xc3, 0xd7, 0x73, 0x7d, 0x6d } },
		  { 1300, // 349
			  { 0x64, 0x32, 0x02, 0x7f, 0x4d, 0x56, 0xcd, 0xb1, 0x72, 0xfd, 0x99, 0x49, 0xe0, 0xd2,
				  0x71, 0x57, 0x64, 0x23, 0x0f, 0x28 } },
		  { 1303, // 350
			  { 0x64, 0x48, 0xfe, 0x8c, 0x7f, 0x4c, 0x25, 0x49, 0x65, 0x05, 0xa1, 0x32, 0x70, 0x82,
				  0xaf, 0xd4, 0x7c, 0xb2, 0x76, 0x0c } },
		  { 1306, // 351
			  { 0x64, 0x4e, 0x8b, 0x59, 0x32, 0x2c, 0x10, 0x79, 0xe2, 0x4b, 0xce, 0x20, 0x91, 0x8c,
				  0xfd, 0x03, 0x29, 0x0a, 0x15, 0x57 } },
		  { 1311, // 352
			  { 0x64, 0x73, 0x16, 0x0d, 0x2b, 0x13, 0xa2, 0x64, 0x96, 0xa3, 0xf3, 0x28, 0x8b, 0x35,
				  0x14, 0x63, 0x05, 0x40, 0xaa, 0xa6 } },
		  { 1314, // 353
			  { 0x64, 0xe4, 0x01, 0xdb, 0x0d, 0x32, 0x54, 0x10, 0x94, 0x3e, 0xa4, 0xb3, 0x5d, 0x5b,
				  0x9d, 0x0e, 0x62, 0x90, 0x7a, 0xd8 } },
		  { 1317, // 354
			  { 0x65, 0x27, 0x8a, 0x37, 0x28, 0x31, 0x55, 0x4e, 0x46, 0x08, 0x81, 0x92, 0xc6, 0x86,
				  0xe8, 0xde, 0xfa, 0x76, 0x14, 0x13 } },
		  { 1320, // 355
			  { 0x65, 0x44, 0xeb, 0x6a, 0xb2, 0x36, 0x47, 0x0a, 0x79, 0xf1, 0x6b, 0x4f, 0xc1, 0x06,
				  0xc7, 0x29, 0x29, 0x06, 0x86, 0x50 } },
		  { 1322, // 356
			  { 0x65, 0x68, 0xa7, 0xe4, 0x0d, 0xa2, 0x78, 0xf2, 0xdd, 0x1c, 0xb5, 0xbd, 0xe3, 0xca,
				  0xa9, 0x92, 0x77, 0x78, 0xc2, 0xd8 } },
		  { 1331, // 357
			  { 0x65, 0x86, 0xca, 0x1f, 0xc3, 0xa9, 0x5e, 0xf0, 0xc6, 0x10, 0x2c, 0x37, 0xf4, 0xa1,
				  0xcf, 0xb2, 0xf8, 0xd6, 0xdc, 0xd8 } },
		  { 1334, // 358
			  { 0x65, 0xa7, 0xf2, 0xef, 0xe8, 0xc0, 0xeb, 0x8e, 0xe9, 0x82, 0x55, 0x37, 0x9f, 0x91,
				  0x52, 0xa0, 0x6a, 0x95, 0xaf, 0x82 } },
		  { 1337, // 359
			  { 0x65, 0xd6, 0xbf, 0x99, 0xca, 0xc0, 0x44, 0xc0, 0x80, 0x67, 0x06, 0x7e, 0x73, 0x93,
				  0x7d, 0xfd, 0x3e, 0x47, 0x65, 0x9c } },
		  { 1340, // 360
			  { 0x66, 0x2c, 0x1e, 0x0d, 0x0a, 0x23, 0xf8, 0xd2, 0x68, 0x4b, 0xfb, 0x98, 0x2a, 0x05,
				  0x39, 0xfc, 0xfe, 0x77, 0x01, 0xd8 } },
		  { 1343, // 361
			  { 0x66, 0x2f, 0xcb, 0x38, 0x61, 0x62, 0x87, 0xe8, 0x7c, 0xfe, 0x0a, 0x06, 0x01, 0x07,
				  0xd6, 0xca, 0xf5, 0x84, 0x60, 0x95 } },
		  { 1348, // 362
			  { 0x66, 0x75, 0x6e, 0xba, 0xf5, 0x96, 0xe1, 0x54, 0x4d, 0xbf, 0x90, 0x1f, 0xc2, 0x29,
				  0x0f, 0x33, 0x39, 0x36, 0xaf, 0x92 } },
		  { 1351, // 363
			  { 0x67, 0x80, 0x4c, 0x72, 0x28, 0xdd, 0x96, 0x28, 0x38, 0xbf, 0x1c, 0x3f, 0x33, 0x39,
				  0x57, 0x92, 0x2b, 0xb2, 0xfa, 0x5b } },
		  { 1373, // 364
			  { 0x67, 0x8e, 0x96, 0x77, 0x9b, 0xc3, 0xb4, 0x61, 0x63, 0x89, 0xf5, 0xf6, 0x59, 0xef,
				  0xf9, 0xdb, 0x8f, 0x0f, 0x94, 0x4e } },
		  { 1376, // 365
			  { 0x67, 0xc5, 0xaa, 0xf9, 0x3c, 0xab, 0x0f, 0xbb, 0x0b, 0xce, 0x4e, 0x53, 0x4d, 0x7f,
				  0x51, 0x97, 0x60, 0x60, 0xab, 0x81 } },
		  { 1379, // 366
			  { 0x68, 0x2e, 0xf8, 0xe1, 0x10, 0x7d, 0x29, 0x44, 0x42, 0xf8, 0xd4, 0xa4, 0x83, 0xac,
				  0xbc, 0xe6, 0x99, 0xa0, 0x6f, 0x86 } },
		  { 1382, // 367
			  { 0x68, 0xba, 0x63, 0x00, 0xfe, 0x68, 0xe4, 0x01, 0x07, 0x85, 0x02, 0xc6, 0xfb, 0xdd,
				  0x30, 0x2e, 0x95, 0xec, 0x19, 0x9c } },
		  { 1387, // 368
			  { 0x68, 0xe7, 0xff, 0xd8, 0x98, 0x63, 0x0b, 0xe3, 0x07, 0x07, 0x18, 0xc9, 0xf3, 0xdc,
				  0xfe, 0x8f, 0x3d, 0x26, 0x6c, 0xbf } },
		  { 1390, // 369
			  { 0x69, 0x06, 0x2d, 0xe2, 0xfc, 0xd0, 0x16, 0x73, 0x38, 0x6c, 0x34, 0x3e, 0xe4, 0x5e,
				  0x5c, 0x14, 0x19, 0x20, 0x12, 0xbc } },
		  { 1393, // 370
			  { 0x69, 0x10, 0x9e, 0x99, 0x22, 0xf6, 0x8d, 0xe6, 0xf9, 0x3c, 0x9b, 0xdd, 0x45, 0x90,
				  0xed, 0xb0, 0x79, 0xaa, 0xfc, 0xb2 } },
		  { 1396, // 371
			  { 0x69, 0x49, 0x35, 0x89, 0x22, 0x73, 0xb1, 0x42, 0x8d, 0xb3, 0x2b, 0x00, 0xf8, 0xc9,
				  0x5f, 0x70, 0x3e, 0x8e, 0x8a, 0x99 } },
		  { 1399, // 372
			  { 0x69, 0x92, 0x3a, 0x2f, 0x43, 0xb6, 0x7e, 0xdf, 0xe5, 0x88, 0xd6, 0xd4, 0x36, 0x88,
				  0x40, 0x16, 0x0c, 0xfb, 0x6b, 0x21 } },
		  { 1408, // 373
			  { 0x6a, 0x77, 0x87, 0x72, 0x3f, 0x33, 0x14, 0x83, 0x2f, 0xc4, 0x2a, 0x31, 0xe8, 0x04,
				  0x61, 0x42, 0x62, 0x99, 0x51, 0xb0 } },
		  { 1411, // 374
			  { 0x6a, 0x8f, 0x24, 0x46, 0xe6, 0xb0, 0xc7, 0x44, 0x2e, 0x38, 0xde, 0x67, 0xf1, 0x91,
				  0xa8, 0x6b, 0x27, 0x93, 0x41, 0x51 } },
		  { 1413, // 375
			  { 0x6b, 0x91, 0xb3, 0x32, 0x54, 0x41, 0x7d, 0x11, 0xd2, 0x58, 0x3e, 0x92, 0xc7, 0x1f,
				  0x5c, 0x52, 0x55, 0xca, 0x81, 0x46 } },
		  { 1416, // 376
			  { 0x6b, 0xdc, 0x92, 0xbd, 0xe7, 0x87, 0xeb, 0x11, 0xba, 0xd5, 0x57, 0xf0, 0xc2, 0xe5,
				  0x0a, 0xa7, 0x6e, 0xf7, 0x7b, 0xd4 } },
		  { 1420, // 377
			  { 0x6c, 0x59, 0xb5, 0x63, 0xa0, 0xec, 0xc0, 0x56, 0xc5, 0x32, 0xc5, 0xbc, 0x8d, 0x2b,
				  0x99, 0xb9, 0x7e, 0x1d, 0xb8, 0xa3 } },
		  { 1423, // 378
			  { 0x6c, 0xa0, 0x66, 0x39, 0x56, 0xd9, 0xec, 0x33, 0xad, 0x6b, 0x19, 0x61, 0xaa, 0x86,
				  0x33, 0xd3, 0x6c, 0x08, 0x6a, 0x13 } },
		  { 1426, // 379
			  { 0x6c, 0xf7, 0x3f, 0x15, 0x1a, 0x17, 0x17, 0xbd, 0x99, 0x77, 0x78, 0x25, 0xbd, 0x4d,
				  0x49, 0x92, 0x96, 0xac, 0x29, 0xee } },
		  { 1515, // 380
			  { 0x6d, 0x2b, 0x7d, 0xb0, 0xac, 0x20, 0x73, 0xd0, 0x46, 0xf6, 0x23, 0xb1, 0x25, 0x06,
				  0xae, 0xfd, 0x48, 0x27, 0x10, 0x55 } },
		  { 1518, // 381
			  { 0x6d, 0x63, 0x54, 0x83, 0xb9, 0xc7, 0xbe, 0x1d, 0x61, 0x0b, 0x93, 0x02, 0xd7, 0x35,
				  0x9a, 0x22, 0xc0, 0xa0, 0x12, 0xca } },
		  { 1521, // 382
			  { 0x6d, 0xb3, 0xf3, 0x1c, 0xc0, 0x3f, 0xf8, 0x71, 0x10, 0x5c, 0xef, 0x88, 0x03, 0xbb,
				  0xc3, 0xe6, 0x24, 0x05, 0x1d, 0xfd } },
		  { 1524, // 383
			  { 0x6d, 0xe1, 0x63, 0x66, 0xd1, 0xa5, 0xef, 0xa0, 0x92, 0xcc, 0x3c, 0x80, 0x3a, 0x32,
				  0x04, 0xd6, 0xd5, 0xe6, 0x73, 0x8b } },
		  { 1527, // 384
			  { 0x6e, 0x26, 0xc3, 0x56, 0x60, 0x69, 0xf1, 0xc6, 0xa0, 0xe6, 0x43, 0xda, 0x6f, 0xf8,
				  0x97, 0x13, 0xc3, 0x24, 0x8c, 0x25 } },
		  { 1530, // 385
			  { 0x6e, 0x47, 0x7f, 0xb2, 0xe9, 0xeb, 0xdd, 0x4a, 0xde, 0x46, 0x6f, 0xc7, 0x5f, 0x8c,
				  0x40, 0x00, 0xf1, 0xc9, 0xa3, 0xd2 } },
		  { 1533, // 386
			  { 0x6e, 0x4a, 0xfc, 0x0c, 0x81, 0xf2, 0xe4, 0x1c, 0xb2, 0xd8, 0x24, 0x7f, 0xd5, 0x82,
				  0x37, 0xd0, 0xf5, 0xd8, 0xc9, 0xd0 } },
		  { 1536, // 387
			  { 0x6e, 0xa2, 0xa9, 0x60, 0xe6, 0x31, 0x0e, 0x78, 0x1c, 0x38, 0x48, 0x39, 0x15, 0x0e,
				  0xb6, 0x5b, 0x72, 0xee, 0x08, 0xd5 } },
		  { 1539, // 388
			  { 0x6e, 0xa6, 0x59, 0x76, 0xcd, 0x1c, 0xa8, 0xf9, 0x20, 0x86, 0xf0, 0xf5, 0xed, 0x33,
				  0x41, 0xb4, 0xd5, 0x62, 0x39, 0xee } },
		  { 1542, // 389
			  { 0x6e, 0xba, 0x4a, 0xc5, 0x60, 0xa9, 0x50, 0x5c, 0x12, 0xec, 0xeb, 0x38, 0x12, 0xf3,
				  0x9d, 0xfd, 0xae, 0x5f, 0x85, 0xa2 } },
		  { 1549, // 390
			  { 0x6e, 0xe3, 0x15, 0x80, 0xcc, 0xa8, 0x61, 0xd8, 0x7b, 0xdd, 0xdd, 0xcc, 0x3b, 0x17,
				  0x2e, 0x76, 0x80, 0xb7, 0x85, 0x6b } },
		  { 1552, // 391
			  { 0x6f, 0x11, 0xec, 0x5d, 0xc2, 0x0c, 0x2f, 0xe9, 0xe1, 0x7e, 0x38, 0x32, 0x19, 0xc9,
				  0xf5, 0x99, 0xfc, 0x1d, 0xfa, 0x4b } },
		  { 1555, // 392
			  { 0x6f, 0xd2, 0xf2, 0x96, 0x0c, 0xae, 0xfc, 0x20, 0x67, 0xd9, 0x57, 0xca, 0x04, 0xac,
				  0x4b, 0xd8, 0x69, 0x46, 0xcf, 0x2e } },
		  { 1558, // 393
			  { 0x70, 0x09, 0xf4, 0x7a, 0xdb, 0xf0, 0x14, 0xc9, 0x74, 0x72, 0xe9, 0x77, 0xce, 0xaa,
				  0xb4, 0x1d, 0xd7, 0x30, 0x6f, 0xab } },
		  { 1563, // 394
			  { 0x70, 0x0c, 0x20, 0xf6, 0x38, 0x06, 0x7e, 0x6c, 0xaf, 0xbc, 0x7f, 0x49, 0x1e, 0xd6,
				  0x99, 0xc1, 0x52, 0xde, 0x68, 0x05 } },
		  { 1567, // 395
			  { 0x70, 0x0c, 0xb9, 0xe4, 0x59, 0xca, 0x15, 0xf4, 0x92, 0x14, 0x37, 0x5d, 0x35, 0xeb,
				  0x32, 0xc4, 0x72, 0x19, 0x7e, 0x86 } },
		  { 1570, // 396
			  { 0x70, 0x91, 0x0a, 0x7e, 0x80, 0x2f, 0x4e, 0x9e, 0x16, 0x80, 0x75, 0x43, 0x94, 0x5d,
				  0x45, 0x57, 0xc5, 0x27, 0x8d, 0x17 } },
		  { 1572, // 397
			  { 0x70, 0xa2, 0x0d, 0xbe, 0xcc, 0xf2, 0x34, 0x4b, 0xd5, 0xee, 0x2e, 0xc1, 0x8f, 0x07,
				  0x6c, 0xc9, 0x9c, 0x7c, 0x61, 0x1e } },
		  { 1575, // 398
			  { 0x70, 0xb0, 0xe9, 0xcc, 0x01, 0x3b, 0xc4, 0xef, 0xf6, 0xa5, 0x88, 0x82, 0x2b, 0x82,
				  0xe7, 0xd6, 0xd5, 0xf4, 0xb4, 0x8d } },
		  { 1578, // 399
			  { 0x70, 0xc7, 0x36, 0x3a, 0x61, 0x5f, 0xda, 0x69, 0x6c, 0x72, 0x9d, 0x33, 0xac, 0x81,
				  0xd1, 0x0d, 0xec, 0xa0, 0xb1, 0x4d } },
		  { 1581, // 400
			  { 0x70, 0xfa, 0xbf, 0xa0, 0xd9, 0x78, 0x23, 0xd4, 0xe4, 0x36, 0xd0, 0x67, 0x52, 0x93,
				  0xf9, 0x68, 0x82, 0x6e, 0xa8, 0xa0 } },
		  { 1584, // 401
			  { 0x71, 0x34, 0x60, 0xf6, 0x91, 0xc1, 0x7e, 0x0e, 0x74, 0x82, 0xea, 0xe8, 0xbb, 0xa6,
				  0xb2, 0xa9, 0x56, 0x6b, 0xaa, 0xcf } },
		  { 1587, // 402
			  { 0x71, 0x39, 0x2a, 0xb2, 0x3f, 0xdd, 0x31, 0xd2, 0x9c, 0xb9, 0xb6, 0x1d, 0x60, 0xcd,
				  0x93, 0x02, 0x7c, 0x4a, 0xa0, 0xbd } },
		  { 1590, // 403
			  { 0x71, 0x55, 0x65, 0x9a, 0xff, 0xfd, 0x98, 0x91, 0x7f, 0xe7, 0x81, 0x22, 0xb2, 0xfe,
				  0xc7, 0xc6, 0x5e, 0x25, 0x80, 0x7a } },
		  { 1599, // 404
			  { 0x71, 0xa3, 0x44, 0xcb, 0x80, 0x51, 0xf5, 0xa7, 0x88, 0x69, 0x01, 0x42, 0x03, 0x84,
				  0x7f, 0x96, 0xb7, 0xb9, 0x0b, 0xe4 } },
		  { 1602, // 405
			  { 0x71, 0xe9, 0x8e, 0x09, 0x6e, 0x08, 0x7e, 0x7b, 0x14, 0xf2, 0xd9, 0x83, 0xd1, 0x16,
				  0x73, 0x46, 0x69, 0xa4, 0x6b, 0x0c } },
		  { 1605, // 406
			  { 0x72, 0xa6, 0x86, 0x18, 0xa1, 0x90, 0x0b, 0x12, 0x97, 0xa8, 0xd9, 0x95, 0xe0, 0x33,
				  0xf7, 0x11, 0x57, 0x6b, 0x46, 0xf0 } },
		  { 1608, // 407
			  { 0x73, 0x63, 0x31, 0x91, 0x1b, 0x03, 0xe8, 0x73, 0x42, 0x0a, 0xab, 0x36, 0x87, 0xb1,
				  0xa0, 0xa3, 0xa8, 0x5d, 0x09, 0xcf } },
		  { 1611, // 408
			  { 0x73, 0xf0, 0x8f, 0x73, 0xef, 0x28, 0x61, 0x96, 0x91, 0x38, 0xc7, 0x9d, 0x9c, 0xb3,
				  0x4a, 0x7a, 0xc1, 0x6c, 0xd4, 0xa0 } },
		  { 1614, // 409
			  { 0x74, 0x43, 0xd2, 0x5d, 0xa0, 0xce, 0x1d, 0xd4, 0x34, 0x7f, 0x1d, 0x51, 0x77, 0x26,
				  0x49, 0xdb, 0x33, 0x9c, 0x5b, 0x86 } },
		  { 1617, // 410
			  { 0x74, 0x53, 0x50, 0x5d, 0x10, 0xdd, 0x70, 0x03, 0x7e, 0xd4, 0x8a, 0x68, 0xf5, 0x1f,
				  0xc0, 0xb3, 0xe5, 0xa4, 0xa0, 0x92 } },
		  { 1620, // 411
			  { 0x74, 0x76, 0xfb, 0xf5, 0xa3, 0xff, 0x70, 0x4f, 0x97, 0x65, 0xb4, 0xd3, 0x79, 0x07,
				  0x37, 0x88, 0xfc, 0x1e, 0x60, 0xd2 } },
		  { 1626, // 412
			  { 0x74, 0x86, 0x2f, 0xf4, 0xa5, 0x6a, 0x9c, 0xac, 0x0d, 0x98, 0xb1, 0x93, 0x5c, 0x3c,
				  0xde, 0x10, 0xda, 0xd3, 0x88, 0x4b } },
		  { 1629, // 413
			  { 0x74, 0xb4, 0x78, 0x55, 0x46, 0xc8, 0x5e, 0x61, 0x5e, 0x49, 0xc0, 0x9f, 0xb2, 0xfd,
				  0xb8, 0x9c, 0x53, 0x01, 0xd7, 0x9b } },
		  { 1632, // 414
			  { 0x75, 0x78, 0x55, 0x7b, 0xfd, 0x48, 0x54, 0xfe, 0xc5, 0x63, 0xce, 0x92, 0xf4, 0xb1,
				  0x37, 0x56, 0x16, 0xb7, 0x70, 0x43 } },
		  { 1635, // 415
			  { 0x75, 0xb9, 0x47, 0x55, 0x21, 0xe7, 0x84, 0x96, 0x80, 0xe0, 0x50, 0x25, 0xc4, 0x81,
				  0x9c, 0xe4, 0x9b, 0xd0, 0xf2, 0x60 } },
		  { 1639, // 416
			  { 0x75, 0xca, 0x3e, 0x92, 0xc0, 0x6c, 0x36, 0x55, 0x5d, 0xea, 0x9b, 0x4c, 0x89, 0xf2,
				  0x98, 0x0a, 0xee, 0x99, 0xfa, 0x82 } },
		  { 1642, // 417
			  { 0x75, 0xe8, 0x2d, 0x75, 0x14, 0x3f, 0x9c, 0x2b, 0xf0, 0x2c, 0xaf, 0x74, 0x57, 0xbd,
				  0x5d, 0xec, 0x0e, 0x0f, 0x41, 0xee } },
		  { 1645, // 418
			  { 0x76, 0x22, 0x02, 0x93, 0x65, 0xdf, 0xbb, 0xdc, 0x1e, 0x6e, 0x18, 0xf8, 0x4a, 0x18,
				  0xd6, 0x38, 0x48, 0x8f, 0xd3, 0x99 } },
		  { 1648, // 419
			  { 0x76, 0xae, 0x3f, 0xeb, 0x17, 0x5f, 0x55, 0x06, 0x6b, 0xb6, 0xe2, 0x5b, 0xad, 0x5e,
				  0x3f, 0xe5, 0x97, 0xd0, 0x57, 0x1b } },
		  { 1651, // 420
			  { 0x76, 0xba, 0x0f, 0x96, 0x0c, 0xa8, 0x26, 0x4e, 0xbc, 0x2b, 0x06, 0x26, 0xaf, 0xcb,
				  0xee, 0x42, 0x02, 0xfb, 0xe1, 0xdb } },
		  { 1656, // 421
			  { 0x76, 0xde, 0x93, 0xc0, 0xd7, 0x0c, 0x8a, 0x9a, 0x51, 0xbf, 0xa8, 0x0e, 0x91, 0x21,
				  0xb0, 0x8b, 0xe4, 0x25, 0x61, 0xa7 } },
		  { 1659, // 422
			  { 0x77, 0x2c, 0x84, 0x17, 0xda, 0xb1, 0xf6, 0xe4, 0x93, 0x44, 0x3a, 0x99, 0xe4, 0x9e,
				  0xde, 0x34, 0x29, 0xec, 0x93, 0x12 } },
		  { 1662, // 423
			  { 0x77, 0x48, 0x49, 0xde, 0xba, 0x83, 0xfc, 0x7e, 0xaf, 0xf4, 0xf4, 0x6c, 0xc3, 0xe7,
				  0x0a, 0xbb, 0xaf, 0x41, 0x5c, 0xb0 } },
		  { 1665, // 424
			  { 0x77, 0x87, 0x32, 0x78, 0x7e, 0x6f, 0x1b, 0x4b, 0x21, 0xff, 0xc5, 0xd8, 0x4c, 0x99,
				  0xa1, 0x1b, 0xf3, 0x69, 0x8a, 0xef } },
		  { 1668, // 425
			  { 0x77, 0xc9, 0x71, 0xef, 0x67, 0x75, 0xb6, 0x63, 0x94, 0x00, 0xe1, 0x1d, 0x48, 0xf7,
				  0xe0, 0xa3, 0xb3, 0x1a, 0xef, 0x96 } },
		  { 1671, // 426
			  { 0x78, 0x3a, 0xa9, 0x55, 0xcb, 0x39, 0x55, 0xb7, 0x1c, 0x63, 0x0f, 0x98, 0xdf, 0xaf,
				  0x97, 0x9c, 0x60, 0x1b, 0x71, 0x69 } },
		  { 1674, // 427
			  { 0x78, 0x67, 0x50, 0x28, 0xf6, 0xcb, 0x81, 0x2a, 0xa6, 0x8c, 0x1a, 0xd4, 0x8f, 0x3e,
				  0x25, 0xcd, 0x0d, 0xd1, 0xcc, 0xd6 } },
		  { 1677, // 428
			  { 0x78, 0xfd, 0x1a, 0x98, 0xce, 0xf1, 0xeb, 0x20, 0x1b, 0xff, 0x63, 0xd7, 0x95, 0x7c,
				  0xd1, 0x83, 0x7b, 0x34, 0xa6, 0x3e } },
		  { 1680, // 429
			  { 0x79, 0x05, 0x40, 0x9b, 0x91, 0x66, 0x95, 0xe8, 0x02, 0xb0, 0x59, 0x48, 0x81, 0xad,
				  0x73, 0xcd, 0x2f, 0x23, 0x69, 0x9a } },
		  { 1683, // 430
			  { 0x79, 0x15, 0xd1, 0x8d, 0xb3, 0xdc, 0x45, 0x23, 0xa7, 0xbc, 0xea, 0x90, 0xe2, 0x27,
				  0x51, 0x62, 0x0c, 0x49, 0xd8, 0x3c } },
		  { 1686, // 431
			  { 0x79, 0x3e, 0xa1, 0xed, 0x06, 0xeb, 0xa8, 0x02, 0xee, 0x6d, 0x7d, 0x4e, 0xe2, 0x31,
				  0x57, 0xeb, 0x11, 0x32, 0x2e, 0xf4 } },
		  { 1695, // 432
			  { 0x79, 0xca, 0x0f, 0x7c, 0x8e, 0x01, 0xb5, 0x8b, 0x41, 0x2e, 0xfa, 0x49, 0x56, 0x76,
				  0xa0, 0xde, 0x20, 0x02, 0x74, 0x87 } },
		  { 1698, // 433
			  { 0x79, 0xe6, 0x81, 0x70, 0xa6, 0x31, 0x58, 0x81, 0xe1, 0x60, 0xeb, 0x4b, 0xb3, 0x0b,
				  0x25, 0x3c, 0x6c, 0x40, 0xcf, 0x76 } },
		  { 1701, // 434
			  { 0x7a, 0xb7, 0x37, 0x18, 0x8a, 0xc7, 0xfe, 0x50, 0xa2, 0xd3, 0x15, 0x0b, 0xf5, 0xc7,
				  0xbc, 0xf3, 0xa1, 0x3b, 0x4a, 0xa6 } },
		  { 1708, // 435
			  { 0x7b, 0x60, 0x66, 0xb2, 0x07, 0x66, 0x10, 0x80, 0xe9, 0x9d, 0xd7, 0x73, 0xec, 0xa6,
				  0xa2, 0x99, 0x83, 0x05, 0xc6, 0x70 } },
		  { 1712, // 436
			  { 0x7b, 0x96, 0x4d, 0x76, 0xe1, 0xf4, 0xe9, 0x5b, 0x5e, 0xa3, 0xd0, 0x43, 0x26, 0xc9,
				  0x3f, 0xfa, 0xbb, 0x69, 0x90, 0x95 } },
		  { 1715, // 437
			  { 0x7c, 0x4b, 0x6d, 0x44, 0xe3, 0x90, 0x07, 0xee, 0xe6, 0x08, 0x5c, 0x68, 0x8f, 0x3b,
				  0x25, 0x0e, 0xf3, 0xdc, 0x3b, 0xc9 } },
		  { 1717, // 438
			  { 0x7c, 0x79, 0x28, 0x40, 0x53, 0xd3, 0x8f, 0xb3, 0x69, 0x59, 0x5f, 0xea, 0xbf, 0x73,
				  0x41, 0x66, 0xfc, 0xf3, 0xca, 0xd6 } },
		  { 1720, // 439
			  { 0x7c, 0xf7, 0x0f, 0xf3, 0xb1, 0x54, 0x54, 0xd5, 0x5e, 0x91, 0x47, 0xd3, 0xd5, 0xe5,
				  0xce, 0xb4, 0x0b, 0x76, 0x83, 0x52 } },
		  { 1723, // 440
			  { 0x7c, 0xfb, 0xe1, 0x21, 0x06, 0x4b, 0x14, 0xfd, 0x5f, 0x9e, 0x37, 0x37, 0xb7, 0x1a,
				  0x42, 0x20, 0x51, 0x2e, 0xe4, 0xf9 } },
		  { 1726, // 441
			  { 0x7c, 0xff, 0x86, 0xcc, 0x27, 0x89, 0x9b, 0x39, 0xb4, 0x2e, 0x92, 0x22, 0xad, 0x8f,
				  0x49, 0x3c, 0x64, 0x16, 0x77, 0x80 } },
		  { 1729, // 442
			  { 0x7d, 0x14, 0xaf, 0x09, 0x7d, 0x66, 0xa4, 0x70, 0xde, 0x23, 0xfb, 0x3d, 0x92, 0x8f,
				  0xdb, 0xfd, 0x9e, 0xe0, 0x47, 0x3b } },
		  { 1732, // 443
			  { 0x7e, 0x68, 0x62, 0xf9, 0x1f, 0x26, 0x0a, 0xdb, 0x49, 0x45, 0x9d, 0x2a, 0x24, 0x4f,
				  0xff, 0x06, 0x62, 0xcb, 0xe9, 0x27 } },
		  { 1735, // 444
			  { 0x7e, 0x7d, 0xb1, 0x6e, 0x9c, 0x79, 0x57, 0xf4, 0xdd, 0x82, 0x44, 0xf7, 0x62, 0x5a,
				  0xc8, 0x7c, 0xfc, 0x56, 0x6c, 0xeb } },
		  { 1738, // 445
			  { 0x7e, 0x84, 0x31, 0xa2, 0xe2, 0xe3, 0xd8, 0x6c, 0xc4, 0xda, 0x22, 0x79, 0x7b, 0xfb,
				  0xba, 0x46, 0xa6, 0xb8, 0x40, 0xa8 } },
		  { 1741, // 446
			  { 0x7e, 0x8a, 0x10, 0x9d, 0x0c, 0x74, 0x57, 0x74, 0xac, 0xc4, 0x4e, 0x72, 0xec, 0x6d,
				  0xdc, 0xd1, 0x1e, 0xdb, 0xf7, 0xb8 } },
		  { 1744, // 447
			  { 0x7e, 0xb3, 0x18, 0x7e, 0xaf, 0x66, 0x75, 0xfe, 0xda, 0x4f, 0x3a, 0x1a, 0xe1, 0xf2,
				  0x93, 0x2a, 0x88, 0x03, 0xb5, 0x01 } },
		  { 1747, // 448
			  { 0x7e, 0xd7, 0xcd, 0x51, 0xa1, 0xd6, 0xf6, 0xe7, 0xb5, 0x9d, 0x6b, 0xcb, 0x83, 0xe7,
				  0xf1, 0xaf, 0x7f, 0xa2, 0x7e, 0xca } },
		  { 1750, // 449
			  { 0x7f, 0x05, 0xad, 0x10, 0xef, 0x59, 0xad, 0xc2, 0x35, 0x32, 0x5c, 0x6d, 0x31, 0x0c,
				  0xe4, 0x1c, 0x25, 0xbc, 0x82, 0xf5 } },
		  { 1753, // 450
			  { 0x7f, 0x61, 0x5a, 0xb4, 0xa6, 0xf9, 0xe6, 0x6a, 0x2f, 0xe9, 0x0b, 0x1e, 0x4c, 0x70,
				  0x2f, 0xc2, 0x5a, 0xd6, 0x75, 0x7e } },
		  { 1756, // 451
			  { 0x7f, 0x92, 0x9b, 0x2d, 0xf6, 0x4e, 0x5b, 0x66, 0xfc, 0xf5, 0x0f, 0x21, 0x5e, 0x58,
				  0xdf, 0x6e, 0x3e, 0xcc, 0x2e, 0xe3 } },
		  { 1759, // 452
			  { 0x7f, 0xd8, 0xda, 0x77, 0x86, 0x01, 0x35, 0x20, 0xdb, 0xc9, 0xcb, 0xd5, 0xd2, 0x47,
				  0x13, 0x13, 0x27, 0x34, 0x5a, 0xec } },
		  { 1762, // 453
			  { 0x80, 0x28, 0x81, 0xc2, 0xa3, 0xab, 0x04, 0x24, 0xa0, 0xe6, 0x56, 0xc2, 0x03, 0x3e,
				  0xeb, 0xb3, 0xea, 0xa2, 0xe0, 0x31 } },
		  { 1765, // 454
			  { 0x80, 0x34, 0x58, 0x41, 0x40, 0x7f, 0xbf, 0xb9, 0x1a, 0xe4, 0x2b, 0x5b, 0x98, 0xf0,
				  0xa6, 0x34, 0xf0, 0xc1, 0xd0, 0x46 } },
		  { 1770, // 455
			  { 0x80, 0x4d, 0xbd, 0x68, 0x1e, 0x55, 0x0a, 0x21, 0x29, 0xdc, 0x85, 0x12, 0xe6, 0x50,
				  0xd7, 0x4a, 0x70, 0xc5, 0xd6, 0x2f } },
		  { 1773, // 456
			  { 0x80, 0x67, 0x57, 0xdf, 0x13, 0xc1, 0x5b, 0x6b, 0xd2, 0x09, 0xaa, 0x14, 0x5c, 0xbc,
				  0xf0, 0x12, 0xe2, 0xa2, 0x29, 0xcf } },
		  { 1776, // 457
			  { 0x80, 0xa0, 0x41, 0x00, 0xa2, 0xf3, 0xcf, 0xce, 0x1c, 0xee, 0x07, 0xc7, 0xaf, 0xf4,
				  0xb8, 0x8e, 0xbd, 0xd1, 0xf3, 0xe3 } },
		  { 1779, // 458
			  { 0x80, 0xbd, 0x3c, 0xc2, 0x1c, 0xe8, 0xb2, 0xb3, 0xed, 0x62, 0x5c, 0x96, 0x5c, 0xb5,
				  0x42, 0x36, 0x93, 0x25, 0xca, 0x23 } },
		  { 1782, // 459
			  { 0x80, 0xfd, 0x4c, 0xcd, 0xfb, 0x05, 0xf5, 0xca, 0x01, 0x18, 0xa2, 0xab, 0x2d, 0x1f,
				  0x84, 0x0e, 0x95, 0xcd, 0x01, 0x84 } },
		  { 1785, // 460
			  { 0x81, 0xc9, 0x38, 0xdf, 0x9e, 0xc0, 0x32, 0xb3, 0x70, 0x8f, 0x36, 0x1f, 0x7e, 0x33,
				  0x74, 0x95, 0xd9, 0xe6, 0xaf, 0x21 } },
		  { 1788, // 461
			  { 0x82, 0xd1, 0xfb, 0x9e, 0x63, 0x9f, 0xe7, 0x1b, 0x84, 0x8b, 0xdd, 0x60, 0x81, 0xf1,
				  0x53, 0xaf, 0x8b, 0x09, 0x4f, 0xf2 } },
		  { 1791, // 462
			  { 0x83, 0x75, 0x9d, 0x02, 0x53, 0xd2, 0xb3, 0x0f, 0xd2, 0x89, 0x69, 0x69, 0x74, 0xd9,
				  0x03, 0x31, 0x44, 0x5d, 0x20, 0x50 } },
		  { 1794, // 463
			  { 0x83, 0xa9, 0x8d, 0x64, 0x3c, 0x3a, 0x6b, 0x40, 0x57, 0x15, 0x72, 0xfa, 0x42, 0x91,
				  0x35, 0x38, 0xd9, 0x41, 0xd8, 0x1c } },
		  { 1797, // 464
			  { 0x83, 0xf5, 0x00, 0x29, 0x7f, 0xfd, 0x47, 0xc3, 0xbd, 0x63, 0xad, 0xb4, 0xe2, 0x3c,
				  0xef, 0xb0, 0x9a, 0x62, 0xfb, 0xbc } },
		  { 1800, // 465
			  { 0x84, 0x04, 0x10, 0xe1, 0x56, 0x7e, 0x8d, 0x0b, 0x56, 0x02, 0x04, 0x83, 0x15, 0xa8,
				  0x8a, 0x0a, 0x42, 0xfc, 0x41, 0x4f } },
		  { 1804, // 466
			  { 0x84, 0x2b, 0x21, 0x9c, 0x7a, 0x23, 0xc0, 0x5f, 0xd0, 0x40, 0xa7, 0x4f, 0x93, 0x7e,
				  0x8b, 0xbd, 0x2f, 0xea, 0xc3, 0xd9 } },
		  { 1807, // 467
			  { 0x84, 0x50, 0x1b, 0x2a, 0x89, 0x79, 0xb5, 0x09, 0xab, 0x06, 0xb2, 0x8b, 0xbd, 0x1c,
				  0xd8, 0x45, 0x48, 0xa9, 0x3b, 0x2a } },
		  { 1810, // 468
			  { 0x85, 0x11, 0x7b, 0xfc, 0xe1, 0x37, 0xdf, 0x4e, 0xcf, 0x1b, 0x66, 0x93, 0xfd, 0x8e,
				  0x6a, 0x94, 0x35, 0xee, 0xce, 0x3a } },
		  { 1814, // 469
			  { 0x85, 0x24, 0x65, 0x85, 0xf3, 0x4b, 0xcb, 0x90, 0xcd, 0xb8, 0xd8, 0x39, 0x28, 0x09,
				  0xb8, 0x94, 0x2d, 0xa7, 0x7b, 0x75 } },
		  { 1817, // 470
			  { 0x85, 0xde, 0x19, 0x88, 0x1f, 0x41, 0xc2, 0x69, 0xe3, 0x46, 0x8b, 0xbf, 0x1b, 0x09,
				  0xa8, 0xa7, 0x93, 0xa5, 0xe9, 0x1a } },
		  { 1819, // 471
			  { 0x86, 0x1d, 0x05, 0xe6, 0xfa, 0x3c, 0x1c, 0x71, 0x1b, 0x57, 0x0c, 0xd1, 0xf3, 0xce,
				  0x0a, 0xb5, 0xe8, 0xdd, 0x2c, 0xaf } },
		  { 1822, // 472
			  { 0x86, 0xae, 0x0f, 0x55, 0xe1, 0xdd, 0xb0, 0xbb, 0x67, 0xa9, 0x3d, 0x4a, 0x27, 0x45,
				  0x34, 0x02, 0x37, 0xe0, 0xff, 0x27 } },
		  { 1824, // 473
			  { 0x86, 0xff, 0x66, 0xcc, 0x5e, 0x40, 0x9a, 0xdc, 0x51, 0x2f, 0x47, 0x26, 0x93, 0xe0,
				  0x96, 0xfe, 0xb8, 0x75, 0xeb, 0x60 } },
		  { 1827, // 474
			  { 0x87, 0x01, 0x11, 0x12, 0x4b, 0x00, 0xc9, 0x50, 0x9a, 0x2e, 0x1c, 0xd4, 0xdf, 0xcf,
				  0x57, 0xe5, 0xf0, 0x92, 0x7e, 0x3a } },
		  { 1830, // 475
			  { 0x87, 0x19, 0xa1, 0xa8, 0xdb, 0xc1, 0x9b, 0xb1, 0x9e, 0x54, 0xef, 0xa6, 0x7a, 0x49,
				  0xa6, 0x03, 0x11, 0x21, 0xb7, 0xe8 } },
		  { 1833, // 476
			  { 0x87, 0x6e, 0xe7, 0x9a, 0xac, 0xdd, 0x17, 0xf8, 0x3a, 0x41, 0x71, 0x33, 0x01, 0x33,
				  0xeb, 0x4e, 0xce, 0x96, 0x24, 0x8f } },
		  { 1836, // 477
			  { 0x89, 0x5f, 0xa7, 0x9c, 0x69, 0x22, 0xb5, 0xc7, 0x56, 0x88, 0xb1, 0xf9, 0xcd, 0x1c,
				  0x79, 0x2a, 0x34, 0xee, 0xb7, 0x48 } },
		  { 1839, // 478
			  { 0x89, 0x87, 0x32, 0x4a, 0x3a, 0x3f, 0x33, 0x69, 0x63, 0x05, 0x4c, 0x5b, 0x79, 0xe5,
				  0xdd, 0x59, 0x0e, 0xf8, 0x62, 0x77 } },
		  { 1842, // 479
			  { 0x89, 0xe9, 0x5b, 0x35, 0x1b, 0xb9, 0x24, 0x0e, 0xb7, 0xfe, 0xd9, 0x8c, 0x4e, 0x8d,
				  0xb6, 0x88, 0x44, 0x6f, 0x5a, 0xc1 } },
		  { 1845, // 480
			  { 0x8a, 0x3b, 0x03, 0xbf, 0x1a, 0x73, 0xee, 0x4d, 0xfc, 0xfb, 0xc1, 0x1a, 0xbe, 0x99,
				  0xe8, 0x9c, 0x85, 0x09, 0x96, 0x7a } },
		  { 1848, // 481
			  { 0x8a, 0x72, 0xba, 0x73, 0x6a, 0x7f, 0xc5, 0x03, 0x41, 0xae, 0xb9, 0x26, 0xfe, 0xe3,
				  0x24, 0x3e, 0x6b, 0x43, 0xfb, 0x38 } },
		  { 1851, // 482
			  { 0x8a, 0xa0, 0x8b, 0xd6, 0xc2, 0x89, 0xa9, 0xe3, 0x92, 0xfc, 0x13, 0x71, 0xba, 0xfc,
				  0x3c, 0xc3, 0x6f, 0xf8, 0xd6, 0x23 } },
		  { 1854, // 483
			  { 0x8a, 0xcc, 0x24, 0x21, 0xa4, 0xf9, 0x31, 0xb7, 0x65, 0xd6, 0x08, 0x91, 0xc7, 0xc3,
				  0xd1, 0x46, 0x88, 0xf9, 0x7b, 0x65 } },
		  { 1876, // 484
			  { 0x8a, 0xcd, 0xb8, 0x7f, 0xb6, 0x88, 0x45, 0xfb, 0x6f, 0xec, 0xe7, 0x95, 0x3d, 0x21,
				  0x5a, 0xd9, 0x5b, 0x88, 0x6d, 0xf1 } },
		  { 1879, // 485
			  { 0x8a, 0xde, 0x83, 0x41, 0x80, 0x69, 0x1e, 0x21, 0xc7, 0xeb, 0x8a, 0x00, 0xee, 0x97,
				  0x2c, 0xd1, 0xc8, 0x46, 0x68, 0xce } },
		  { 1882, // 486
			  { 0x8a, 0xe1, 0x68, 0xda, 0xb6, 0x3b, 0xa7, 0x08, 0x78, 0x58, 0x6f, 0x82, 0xee, 0x1e,
				  0xce, 0xb7, 0x6e, 0x28, 0xec, 0x57 } },
		  { 1884, // 487
			  { 0x8a, 0xe2, 0xca, 0x41, 0xa9, 0x2c, 0xa6, 0x2b, 0x7f, 0x31, 0x79, 0x3c, 0x8e, 0x54,
				  0xaa, 0xf2, 0x7f, 0xb1, 0xa0, 0xaa } },
		  { 1887, // 488
			  { 0x8b, 0x4a, 0x17, 0x6d, 0x70, 0x4d, 0x15, 0xdb, 0x60, 0x1b, 0x70, 0x8e, 0xbd, 0xc7,
				  0x26, 0x29, 0xe3, 0x00, 0x91, 0x79 } },
		  { 1890, // 489
			  { 0x8b, 0x8a, 0xa0, 0x1c, 0xfe, 0x80, 0xdb, 0x76, 0xfa, 0xed, 0x84, 0x10, 0xd1, 0x27,
				  0x21, 0x6c, 0x6b, 0xbf, 0x74, 0xd2 } },
		  { 1893, // 490
			  { 0x8b, 0x8b, 0xf6, 0x1e, 0x55, 0x06, 0x6b, 0x71, 0x1e, 0xc6, 0x32, 0x8f, 0x79, 0x65,
				  0x5d, 0x0a, 0x5c, 0x37, 0x8a, 0xee } },
		  { 1896, // 491
			  { 0x8c, 0x02, 0x5c, 0x22, 0xcd, 0x51, 0x6f, 0xf8, 0x2d, 0x3e, 0x60, 0xfb, 0x53, 0xcb,
				  0xa0, 0xef, 0x39, 0x42, 0x52, 0x50 } },
		  { 1899, // 492
			  { 0x8c, 0x05, 0x83, 0xd6, 0xbf, 0x30, 0xbe, 0xd0, 0x1b, 0xdc, 0xb0, 0xdd, 0xb6, 0xd1,
				  0xd1, 0x17, 0x06, 0x7c, 0xbe, 0xc9 } },
		  { 1904, // 493
			  { 0x8c, 0x17, 0x61, 0xac, 0x0c, 0xc6, 0x33, 0x79, 0x1b, 0x7d, 0x41, 0xca, 0xa9, 0x0f,
				  0xe5, 0x6b, 0x11, 0xf1, 0x0d, 0x06 } },
		  { 1908, // 494
			  { 0x8c, 0x23, 0x6f, 0xe1, 0xc1, 0xe3, 0xcb, 0xcf, 0xe4, 0x0b, 0xac, 0x09, 0x8b, 0x14,
				  0xc9, 0x73, 0x74, 0x3a, 0x21, 0xb0 } },
		  { 1913, // 495
			  { 0x8c, 0x81, 0x11, 0x53, 0xf9, 0xdd, 0xdc, 0xb2, 0xf0, 0xa6, 0x3e, 0xca, 0x4b, 0x08,
				  0xcf, 0xe5, 0xa3, 0x33, 0xda, 0xd1 } },
		  { 1915, // 496
			  { 0x8d, 0x13, 0x1f, 0xaa, 0xdd, 0x23, 0x43, 0xc2, 0x7b, 0x5c, 0xfb, 0x2d, 0x42, 0x18,
				  0xee, 0xd2, 0x8b, 0x29, 0x9c, 0x2e } },
		  { 1917, // 497
			  { 0x8d, 0x1f, 0xe0, 0xe5, 0x41, 0x2b, 0xf4, 0x2d, 0xdd, 0xde, 0x5d, 0x77, 0x97, 0xa1,
				  0xb9, 0x15, 0x7a, 0xe0, 0x0c, 0xaa } },
		  { 1920, // 498
			  { 0x8d, 0x2a, 0xf2, 0xe4, 0x25, 0x4f, 0x80, 0xc9, 0x0b, 0xae, 0x64, 0xac, 0xf0, 0xad,
				  0xc7, 0x13, 0xab, 0x87, 0x60, 0xd6 } },
		  { 1923, // 499
			  { 0x8d, 0x8a, 0x2b, 0x2c, 0x9f, 0x18, 0x79, 0x71, 0xd7, 0xdc, 0xf1, 0x18, 0xa2, 0xed,
				  0xe6, 0x49, 0xa2, 0xab, 0xd0, 0x14 } },
		  { 1926, // 500
			  { 0x8d, 0x90, 0x03, 0xa1, 0xdd, 0x20, 0x1e, 0xc1, 0x52, 0xcc, 0xd3, 0xdc, 0x05, 0x8e,
				  0xed, 0x88, 0x57, 0xf5, 0x1f, 0xe8 } },
		  { 1929, // 501
			  { 0x8d, 0xef, 0x18, 0xe2, 0xcf, 0x49, 0xc1, 0x61, 0x7e, 0x67, 0x0b, 0xcb, 0x87, 0x20,
				  0x88, 0xbe, 0xec, 0xc4, 0x39, 0xe1 } },
		  { 1932, // 502
			  { 0x8e, 0x0a, 0xfc, 0xcc, 0x5d, 0xb9, 0xf6, 0x72, 0x7a, 0xd0, 0xbb, 0x8d, 0x33, 0xbb,
				  0xc2, 0x30, 0x8b, 0x43, 0x32, 0x17 } },
		  { 1935, // 503
			  { 0x8e, 0xc1, 0x10, 0xed, 0x66, 0xb5, 0x61, 0xac, 0xb7, 0xf0, 0xc5, 0xb7, 0x1f, 0x41,
				  0xb7, 0x89, 0x0b, 0x93, 0x8e, 0x99 } },
		  { 1937, // 504
			  { 0x8e, 0xc3, 0xec, 0x3e, 0xd7, 0x30, 0x4f, 0x38, 0x61, 0x50, 0x36, 0xfa, 0xe6, 0xe8,
				  0x94, 0xfe, 0x25, 0x62, 0x67, 0x10 } },
		  { 1940, // 505
			  { 0x8e, 0xd5, 0xb4, 0x57, 0x8f, 0x4c, 0xe0, 0x3b, 0xe4, 0x31, 0xbb, 0xd0, 0xb8, 0x69,
				  0xf9, 0x79, 0x7c, 0xed, 0x08, 0x2c } },
		  { 1943, // 506
			  { 0x8f, 0x81, 0x5a, 0x88, 0xfa, 0x20, 0x76, 0xac, 0x0e, 0xda, 0xb7, 0x2a, 0x47, 0x4d,
				  0x78, 0x6d, 0xba, 0xcb, 0xb7, 0x16 } },
		  { 1946, // 507
			  { 0x8f, 0xa6, 0xaf, 0x15, 0xe9, 0x7b, 0x9b, 0xc5, 0x3a, 0xcd, 0x26, 0xc3, 0xad, 0x3b,
				  0xe1, 0xc5, 0x60, 0xa2, 0xbc, 0x56 } },
		  { 1948, // 508
			  { 0x90, 0x31, 0x70, 0x10, 0x83, 0x41, 0x63, 0x08, 0x64, 0x44, 0x77, 0x6e, 0xad, 0xda,
				  0x88, 0xac, 0x7a, 0x18, 0xad, 0x5a } },
		  { 1951, // 509
			  { 0x90, 0x37, 0x5b, 0xef, 0xcb, 0xaf, 0xaf, 0x37, 0x14, 0xe3, 0x33, 0x86, 0xbf, 0xdc,
				  0x26, 0xe2, 0x80, 0xd0, 0x0d, 0xe4 } },
		  { 1954, // 510
			  { 0x90, 0x5d, 0x22, 0xd3, 0x58, 0xf8, 0x5e, 0x1d, 0x4d, 0xb1, 0x20, 0x05, 0x1c, 0x10,
				  0xc1, 0xc8, 0x00, 0x17, 0x2d, 0x6e } },
		  { 1957, // 511
			  { 0x90, 0x63, 0xea, 0x2b, 0xdf, 0xbf, 0xc8, 0xcc, 0xc8, 0x04, 0x42, 0x88, 0x8c, 0xdc,
				  0x68, 0x2b, 0x64, 0xe5, 0x9d, 0x59 } },
		  { 1960, // 512
			  { 0x90, 0xb0, 0x74, 0xc6, 0x9a, 0x62, 0x5c, 0xa7, 0x55, 0xb6, 0x5d, 0x74, 0xf2, 0xf9,
				  0xa6, 0xbf, 0x87, 0x7e, 0xb3, 0xa4 } },
		  { 1962, // 513
			  { 0x90, 0xf5, 0xe1, 0xe4, 0x34, 0x6e, 0x5a, 0x0d, 0x9c, 0x2c, 0x32, 0xfb, 0x16, 0x71,
				  0xec, 0x21, 0x6e, 0xae, 0x7a, 0x8a } },
		  { 1965, // 514
			  { 0x91, 0xb8, 0xba, 0x3f, 0x46, 0x0c, 0xb7, 0x9b, 0x2b, 0xd6, 0x2b, 0x36, 0x64, 0xda,
				  0x2a, 0xd1, 0xde, 0x6f, 0x9e, 0xd6 } },
		  { 1968, // 515
			  { 0x92, 0xb0, 0xa4, 0xb5, 0x5e, 0xc7, 0x4e, 0x42, 0x59, 0xfb, 0xc2, 0x1f, 0x80, 0x33,
				  0x26, 0x49, 0xd5, 0x52, 0xbb, 0xbb } },
		  { 1971, // 516
			  { 0x92, 0xba, 0xd4, 0x78, 0x3d, 0xe0, 0x24, 0x7b, 0xaf, 0x89, 0xed, 0x2d, 0xf5, 0xef,
				  0x96, 0xc0, 0x87, 0x0c, 0xd9, 0x75 } },
		  { 1974, // 517
			  { 0x92, 0xc8, 0x48, 0xca, 0x44, 0xff, 0xb9, 0x6a, 0x08, 0x02, 0xbc, 0x42, 0x7e, 0xf7,
				  0xb6, 0x15, 0xed, 0x13, 0x76, 0x76 } },
		  { 1977, // 518
			  { 0x93, 0x16, 0x1d, 0x05, 0xf7, 0x60, 0xe0, 0x73, 0xe0, 0x61, 0xcd, 0x7f, 0xb8, 0x3d,
				  0x67, 0xea, 0x57, 0x8d, 0x5f, 0x7b } },
		  { 1980, // 519
			  { 0x93, 0x29, 0x5b, 0x69, 0x58, 0xfa, 0x71, 0x96, 0x2d, 0x83, 0x39, 0x8e, 0x12, 0xf7,
				  0xca, 0xa6, 0xaa, 0x72, 0x94, 0x75 } },
		  { 1984, // 520
			  { 0x93, 0x7a, 0xbc, 0xd4, 0x6d, 0xa2, 0x86, 0x03, 0x02, 0xa2, 0xdf, 0x4d, 0xb0, 0x63,
				  0xb5, 0xa3, 0xef, 0x4a, 0x7d, 0xbc } },
		  { 1987, // 521
			  { 0x93, 0x7c, 0x3a, 0x80, 0x27, 0xe4, 0x68, 0xb6, 0xb0, 0x6a, 0x3d, 0xc1, 0x70, 0x36,
				  0x71, 0x52, 0x25, 0x60, 0xf5, 0xb6 } },
		  { 1992, // 522
			  { 0x94, 0x15, 0x35, 0x73, 0xb3, 0x97, 0xb3, 0x80, 0xfc, 0x06, 0x1d, 0xbe, 0xe7, 0x3c,
				  0x2c, 0x29, 0xc6, 0x24, 0xce, 0x47 } },
		  { 1994, // 523
			  { 0x94, 0x4f, 0xfc, 0x01, 0xdd, 0xb9, 0x38, 0x1d, 0xc3, 0x23, 0x1d, 0xd3, 0x29, 0x03,
				  0xf8, 0x4a, 0x97, 0xee, 0x5e, 0x47 } },
		  { 1997, // 524
			  { 0x94, 0xac, 0x2e, 0x2d, 0x55, 0x5e, 0x74, 0x12, 0xff, 0x89, 0xf9, 0x89, 0xc2, 0xbf,
				  0x0e, 0xe8, 0x5f, 0x6e, 0x66, 0x94 } },
		  { 2000, // 525
			  { 0x94, 0xc9, 0x4e, 0x4e, 0xcb, 0xea, 0x2c, 0x51, 0xd7, 0x5a, 0x4b, 0xbb, 0xb8, 0xb5,
				  0x74, 0x32, 0xbc, 0x9b, 0x53, 0xaa } },
		  { 2003, // 526
			  { 0x94, 0xf6, 0x6e, 0x7d, 0x6a, 0x21, 0x82, 0x4e, 0x29, 0xfd, 0x73, 0x17, 0x27, 0x65,
				  0x5e, 0x8b, 0xd1, 0x05, 0x7c, 0x29 } },
		  { 2010, // 527
			  { 0x94, 0xfe, 0x82, 0xc0, 0xb7, 0x76, 0xd5, 0x5c, 0xfd, 0x3a, 0x86, 0xcd, 0x33, 0xef,
				  0x42, 0xd6, 0x8d, 0xb0, 0x1f, 0xd1 } },
		  { 2015, // 528
			  { 0x95, 0x04, 0x09, 0xc0, 0xf4, 0xcb, 0xcd, 0x65, 0x89, 0x10, 0x7f, 0xdf, 0x08, 0x58,
				  0x49, 0x10, 0x08, 0xd1, 0xe5, 0x03 } },
		  { 2017, // 529
			  { 0x95, 0x8e, 0x22, 0x83, 0xec, 0x7e, 0x2c, 0x1e, 0x6d, 0xee, 0xc2, 0x3e, 0xf4, 0x6c,
				  0xef, 0x3e, 0x28, 0x40, 0x71, 0x67 } },
		  { 2020, // 530
			  { 0x95, 0xc5, 0x34, 0x54, 0x1d, 0x69, 0x7a, 0xd5, 0x84, 0x5c, 0xc8, 0x7f, 0xf5, 0x4d,
				  0xff, 0xff, 0x3f, 0x8c, 0xd0, 0x93 } },
		  { 2023, // 531
			  { 0x96, 0x4b, 0xd2, 0xcd, 0x78, 0x9e, 0xed, 0x28, 0x4b, 0xdb, 0x1f, 0xaa, 0x93, 0xf1,
				  0x72, 0x7b, 0x80, 0x72, 0xbe, 0x8e } },
		  { 2026, // 532
			  { 0x96, 0x55, 0x32, 0xf9, 0xee, 0x46, 0x6c, 0xcf, 0x28, 0xbd, 0x38, 0x9e, 0xab, 0xe0,
				  0x29, 0xff, 0x5b, 0x3b, 0x5c, 0x69 } },
		  { 2029, // 533
			  { 0x97, 0x42, 0xa4, 0xd1, 0x96, 0xda, 0xd8, 0xe6, 0x2a, 0xdc, 0xd4, 0x8a, 0x70, 0x36,
				  0x68, 0x39, 0x4c, 0x27, 0xce, 0xc2 } },
		  { 2032, // 534
			  { 0x97, 0x5d, 0xd9, 0x1b, 0x07, 0x3e, 0x5e, 0xc9, 0xda, 0x84, 0xa5, 0x45, 0x53, 0xc9,
				  0xf1, 0x71, 0xb4, 0xbd, 0xc0, 0x1a } },
		  { 2035, // 535
			  { 0x97, 0x68, 0x51, 0x78, 0x26, 0x52, 0xb5, 0x04, 0x9a, 0x76, 0xf8, 0x8c, 0xe7, 0x39,
				  0x34, 0x86, 0xf0, 0x55, 0xbd, 0x32 } },
		  { 2038, // 536
			  { 0x97, 0xda, 0xfe, 0x1f, 0x55, 0x48, 0x53, 0x77, 0x21, 0x5e, 0x5b, 0x49, 0xf0, 0x04,
				  0x8c, 0x57, 0x82, 0x7d, 0x98, 0xa0 } },
		  { 2041, // 537
			  { 0x97, 0xf7, 0x36, 0x82, 0xe6, 0xf1, 0x97, 0x9f, 0x07, 0xb4, 0x34, 0xd9, 0x64, 0x96,
				  0xfb, 0xdb, 0xc0, 0xa6, 0x84, 0xb8 } },
		  { 2044, // 538
			  { 0x98, 0x15, 0x1c, 0x72, 0x85, 0x39, 0xb3, 0x59, 0xfc, 0x78, 0x06, 0xcf, 0x4b, 0xb9,
				  0x70, 0x75, 0xfe, 0xd7, 0x60, 0x46 } },
		  { 2049, // 539
			  { 0x98, 0x35, 0x15, 0x03, 0xea, 0x51, 0x96, 0xda, 0x7f, 0xab, 0x18, 0xcf, 0xfa, 0x1b,
				  0xfe, 0x52, 0x48, 0x9c, 0xc5, 0xdc } },
		  { 2058, // 540
			  { 0x98, 0x62, 0x20, 0xf9, 0xe3, 0x65, 0xd2, 0xff, 0x43, 0xe2, 0x56, 0x8d, 0x6b, 0x38,
				  0xf8, 0xcb, 0xc2, 0x00, 0xb2, 0xbc } },
		  { 2061, // 541
			  { 0x98, 0x95, 0x6a, 0xae, 0x61, 0x07, 0xe7, 0x1e, 0xbf, 0xfe, 0x09, 0xa6, 0x98, 0x70,
				  0x9b, 0xf6, 0x96, 0x21, 0xe7, 0xa8 } },
		  { 2064, // 542
			  { 0x98, 0xe6, 0x01, 0x0d, 0xcd, 0xc0, 0x70, 0x43, 0x11, 0x5d, 0xbf, 0x9b, 0x3a, 0x6a,
				  0x1f, 0x00, 0xb6, 0xe9, 0xd4, 0x96 } },
		  { 2068, // 543
			  { 0x98, 0xe6, 0xa4, 0x11, 0x4f, 0x7b, 0x57, 0x29, 0xa8, 0xf6, 0x6a, 0x4a, 0x2d, 0xd3,
				  0x56, 0x5b, 0xf7, 0xc3, 0x10, 0x7e } },
		  { 2071, // 544
			  { 0x99, 0xcb, 0xb1, 0x6d, 0x2b, 0x24, 0x22, 0x37, 0x1e, 0x3d, 0x09, 0x23, 0xbc, 0x0f,
				  0xa0, 0xc3, 0xe2, 0xeb, 0xfb, 0x55 } },
		  { 2075, // 545
			  { 0x9a, 0x92, 0x42, 0x36, 0xf6, 0xbc, 0xb4, 0x63, 0xd7, 0x2e, 0x50, 0x88, 0x3d, 0x2b,
				  0x0a, 0x76, 0x11, 0xd0, 0xbc, 0x96 } },
		  { 2078, // 546
			  { 0x9a, 0xac, 0x1a, 0xda, 0x3e, 0x6f, 0xf2, 0x54, 0xb2, 0x3a, 0x87, 0xa5, 0xda, 0xe2,
				  0x85, 0x37, 0x79, 0xe9, 0x92, 0xf9 } },
		  { 2081, // 547
			  { 0x9a, 0xcf, 0x45, 0xe2, 0x52, 0xa0, 0x9d, 0x87, 0xc5, 0xab, 0xd5, 0xd1, 0xae, 0x35,
				  0x5a, 0xd5, 0xa7, 0xa9, 0xcb, 0x23 } },
		  { 2084, // 548
			  { 0x9a, 0xf9, 0xc0, 0xea, 0x16, 0xd8, 0x5a, 0x79, 0x87, 0xfc, 0x97, 0xea, 0x31, 0xcb,
				  0x0a, 0xdd, 0x17, 0x05, 0x9a, 0x9d } },
		  { 2087, // 549
			  { 0x9b, 0x2b, 0xb0, 0xc1, 0xee, 0x7e, 0xb6, 0x39, 0x6f, 0x04, 0x90, 0xaf, 0x23, 0x3a,
				  0xbf, 0x65, 0x47, 0x2d, 0x71, 0x15 } },
		  { 2090, // 550
			  { 0x9b, 0xd0, 0xee, 0x2f, 0xd0, 0xa6, 0x2d, 0x06, 0x1a, 0x65, 0xa4, 0xed, 0x74, 0x7c,
				  0x2d, 0x4a, 0x26, 0x45, 0x59, 0x61 } },
		  { 2093, // 551
			  { 0x9c, 0x1b, 0x8e, 0xc9, 0x6f, 0xb4, 0xb6, 0xc0, 0xc9, 0x11, 0xb5, 0x30, 0x09, 0x51,
				  0x61, 0x35, 0x8a, 0xe8, 0x17, 0xa9 } },
		  { 2096, // 552
			  { 0x9d, 0x27, 0xb8, 0x80, 0x34, 0xc0, 0x8f, 0x30, 0x11, 0xec, 0x74, 0xe2, 0x1f, 0x1d,
				  0x53, 0x57, 0xfd, 0x27, 0x54, 0x26 } },
		  { 2099, // 553
			  { 0x9d, 0xa1, 0x99, 0x99, 0x51, 0x18, 0x58, 0xbc, 0xf2, 0xcd, 0x4c, 0x77, 0x4f, 0x80,
				  0xe1, 0xe2, 0xdd, 0x6b, 0x54, 0x7f } },
		  { 2101, // 554
			  { 0x9d, 0xbd, 0x44, 0x11, 0x5d, 0xfd, 0xfd, 0x3c, 0x06, 0x99, 0x2c, 0x5f, 0x7c, 0xaa,
				  0xf7, 0xe7, 0xe0, 0x5d, 0xb3, 0x09 } },
		  { 2104, // 555
			  { 0x9d, 0xf5, 0x79, 0xac, 0xd3, 0x81, 0x04, 0xea, 0x0a, 0xf7, 0xca, 0xe2, 0x0f, 0x7b,
				  0xc5, 0x4a, 0x6d, 0x3c, 0x86, 0xa0 } },
		  { 2106, // 556
			  { 0x9e, 0x12, 0xcd, 0xa1, 0xdc, 0xb3, 0x0e, 0xf7, 0x57, 0x5a, 0xdb, 0x58, 0x1a, 0xbb,
				  0x2e, 0x6b, 0x39, 0x98, 0xe9, 0x76 } },
		  { 2108, // 557
			  { 0x9e, 0x2f, 0x41, 0x9b, 0x1c, 0xab, 0x50, 0x70, 0x0d, 0x55, 0x1c, 0x81, 0xf2, 0xaf,
				  0x8a, 0xa1, 0x63, 0xfb, 0x00, 0x5a } },
		  { 2111, // 558
			  { 0x9e, 0x87, 0x76, 0x6d, 0x4c, 0x8c, 0xa4, 0x26, 0x0e, 0x40, 0xca, 0x45, 0xba, 0x59,
				  0x48, 0x87, 0x0a, 0x94, 0xf9, 0xd0 } },
		  { 2114, // 559
			  { 0x9e, 0xf0, 0xa5, 0x17, 0xa6, 0x63, 0xc7, 0x58, 0xdd, 0x26, 0x8b, 0xb0, 0x99, 0xa9,
				  0x14, 0x7c, 0x57, 0x70, 0xb8, 0xfd } },
		  { 2117, // 560
			  { 0x9f, 0x1b, 0x26, 0x3c, 0xc3, 0x36, 0x33, 0x38, 0xd7, 0xc7, 0x57, 0x2c, 0x3b, 0x81,
				  0xfc, 0x91, 0xda, 0xee, 0xde, 0x46 } },
		  { 2120, // 561
			  { 0xa0, 0x09, 0x33, 0x55, 0xb1, 0x16, 0xd4, 0x74, 0x0e, 0xcd, 0x54, 0xda, 0x73, 0xce,
				  0x91, 0x16, 0x19, 0x6f, 0x3b, 0xe7 } },
		  { 2123, // 562
			  { 0xa0, 0x0a, 0x90, 0x06, 0xac, 0x3e, 0x0d, 0x3a, 0x4b, 0x0e, 0x00, 0x41, 0x32, 0x0d,
				  0x0c, 0x9a, 0xb1, 0x65, 0xf9, 0x52 } },
		  { 2126, // 563
			  { 0xa0, 0xad, 0x8c, 0x51, 0xd2, 0x1b, 0x42, 0x0c, 0x6d, 0x06, 0x53, 0xb5, 0xb3, 0x0a,
				  0x30, 0x67, 0x0c, 0x66, 0x9b, 0x18 } },
		  { 2129, // 564
			  { 0xa0, 0xbb, 0x50, 0x45, 0x79, 0x91, 0x29, 0xec, 0x48, 0x66, 0x81, 0x0c, 0xf2, 0x58,
				  0x0d, 0xf0, 0x9c, 0x65, 0xda, 0x07 } },
		  { 2132, // 565
			  { 0xa0, 0xfc, 0x8c, 0x71, 0x16, 0x54, 0xdd, 0xd0, 0x0b, 0x83, 0x3e, 0x67, 0x12, 0x43,
				  0x85, 0xa9, 0xff, 0x55, 0x3d, 0xb3 } },
		  { 2135, // 566
			  { 0xa1, 0x22, 0xa5, 0x22, 0x6a, 0x82, 0xc4, 0x51, 0x93, 0x7a, 0x81, 0xca, 0xa2, 0xbd,
				  0x08, 0xf5, 0xf7, 0xb4, 0x8c, 0x0c } },
		  { 2138, // 567
			  { 0xa1, 0x2b, 0x14, 0x93, 0xf5, 0x11, 0xa5, 0xa5, 0x86, 0xd1, 0x71, 0x74, 0x00, 0xc9,
				  0x09, 0xc8, 0x23, 0xac, 0x3e, 0x4f } },
		  { 2143, // 568
			  { 0xa1, 0x2e, 0xcf, 0x4e, 0x29, 0xb0, 0x5b, 0xa9, 0xb3, 0xf9, 0xbb, 0x79, 0x94, 0x30,
				  0x1a, 0xc7, 0x2a, 0xf1, 0x29, 0x24 } },
		  { 2146, // 569
			  { 0xa1, 0x4f, 0xd7, 0x78, 0xfe, 0x16, 0xbd, 0x47, 0x0f, 0xee, 0xfb, 0x5f, 0x32, 0x84,
				  0x15, 0x81, 0x8e, 0x3d, 0xe7, 0x78 } },
		  { 2155, // 570
			  { 0xa1, 0x5a, 0xa9, 0xaa, 0xa6, 0x33, 0x53, 0xfb, 0x28, 0xb2, 0xaa, 0x52, 0xb1, 0x6d,
				  0xe9, 0xef, 0xb9, 0xe1, 0x23, 0xf3 } },
		  { 2158, // 571
			  { 0xa1, 0x96, 0xb4, 0xa1, 0xdb, 0x9f, 0x25, 0x5c, 0xa7, 0xcd, 0xbc, 0x4a, 0x75, 0xa8,
				  0xa0, 0x48, 0x54, 0x73, 0x13, 0x92 } },
		  { 2161, // 572
			  { 0xa1, 0xe6, 0x32, 0x0f, 0x03, 0x1e, 0xab, 0xf2, 0x0f, 0x10, 0x53, 0x28, 0xec, 0xd5,
				  0x1b, 0xe6, 0xc9, 0xde, 0xad, 0xbf } },
		  { 2164, // 573
			  { 0xa1, 0xf5, 0x99, 0x0c, 0x52, 0x53, 0x92, 0x58, 0x4b, 0x73, 0x9a, 0x97, 0x2b, 0x49,
				  0x92, 0x65, 0xe7, 0xb5, 0x59, 0x3a } },
		  { 2167, // 574
			  { 0xa2, 0x08, 0xed, 0x95, 0x84, 0xf3, 0x26, 0x9e, 0x8c, 0xc5, 0x20, 0x66, 0x92, 0xc8,
				  0x50, 0x33, 0x61, 0x67, 0xf6, 0x7d } },
		  { 2170, // 575
			  { 0xa2, 0xf0, 0x7a, 0xab, 0x6b, 0x3f, 0x3e, 0x15, 0x3e, 0xcd, 0x38, 0x55, 0x29, 0x3e,
				  0x88, 0x63, 0xc0, 0x71, 0xf0, 0x79 } },
		  { 2173, // 576
			  { 0xa2, 0xf8, 0x52, 0x60, 0x27, 0xe6, 0x44, 0x7a, 0xcb, 0xe2, 0x4e, 0x6d, 0x30, 0xa7,
				  0xf2, 0x03, 0x44, 0x42, 0x68, 0x30 } },
		  { 2176, // 577
			  { 0xa3, 0x60, 0x51, 0xa5, 0x53, 0x6f, 0xf0, 0xf7, 0xbd, 0x77, 0x7f, 0xcb, 0x66, 0x9e,
				  0x46, 0x07, 0x2c, 0xc3, 0xc2, 0x34 } },
		  { 2179, // 578
			  { 0xa3, 0xce, 0x3f, 0x0c, 0x17, 0xe0, 0xa4, 0x85, 0x76, 0xb5, 0xc3, 0x76, 0x5f, 0x4f,
				  0x78, 0x09, 0x76, 0x32, 0x92, 0x17 } },
		  { 2182, // 579
			  { 0xa3, 0xed, 0x00, 0xc7, 0xcd, 0x96, 0x85, 0xd6, 0xf6, 0xd3, 0x98, 0x52, 0xd5, 0x82,
				  0x5a, 0xc6, 0x0e, 0xeb, 0xb3, 0x52 } },
		  { 2184, // 580
			  { 0xa4, 0x1f, 0x20, 0xf8, 0x4c, 0xca, 0xf6, 0x64, 0xb0, 0xf2, 0x76, 0xdf, 0x98, 0xba,
				  0xdf, 0x70, 0x58, 0x98, 0x8b, 0x05 } },
		  { 2188, // 581
			  { 0xa4, 0x26, 0x96, 0xe8, 0x7b, 0x02, 0x7c, 0x81, 0xca, 0xad, 0xb5, 0xb3, 0x9e, 0x42,
				  0xcc, 0xcf, 0xf9, 0xb1, 0x4e, 0x94 } },
		  { 2191, // 582
			  { 0xa4, 0x59, 0x08, 0xde, 0x85, 0x7a, 0x5a, 0xb9, 0x37, 0x2c, 0xbc, 0x10, 0x69, 0xde,
				  0xa4, 0x25, 0x4a, 0x98, 0xec, 0x01 } },
		  { 2193, // 583
			  { 0xa4, 0x9d, 0x82, 0x24, 0x53, 0xcf, 0xcc, 0x1a, 0xa8, 0xf7, 0x65, 0x9b, 0xae, 0xf3,
				  0x9b, 0x0c, 0x73, 0x8d, 0xfc, 0xcb } },
		  { 2196, // 584
			  { 0xa4, 0xb6, 0x48, 0x48, 0x85, 0x72, 0xd3, 0x4c, 0x5c, 0x30, 0xa5, 0x05, 0x0c, 0xe0,
				  0x3b, 0x29, 0x87, 0x24, 0x7f, 0x6a } },
		  { 2199, // 585
			  { 0xa4, 0xc5, 0x63, 0x71, 0xa0, 0xe8, 0x7f, 0xde, 0xf7, 0x47, 0x07, 0x93, 0xd7, 0x29,
				  0x49, 0xd0, 0xa3, 0xed, 0x1e, 0xe0 } },
		  { 2202, // 586
			  { 0xa5, 0x13, 0xfa, 0x26, 0x86, 0x06, 0x9d, 0x10, 0xb8, 0x7b, 0xec, 0x37, 0x98, 0x4b,
				  0x05, 0x04, 0x78, 0x81, 0x15, 0x87 } },
		  { 2205, // 587
			  { 0xa5, 0x2a, 0x6b, 0x05, 0x96, 0xa0, 0xb4, 0x94, 0xf5, 0x07, 0xbb, 0x42, 0xe1, 0x49,
				  0x1d, 0xe8, 0x72, 0x42, 0x1f, 0xfc } },
		  { 2208, // 588
			  { 0xa5, 0x55, 0xce, 0x7f, 0xaa, 0xbb, 0x7f, 0x34, 0x5a, 0xc3, 0x0a, 0x5f, 0x40, 0xcc,
				  0x96, 0xa5, 0xe3, 0x42, 0xda, 0x9d } },
		  { 2211, // 589
			  { 0xa5, 0xbc, 0x1d, 0xd3, 0x64, 0x78, 0x0c, 0x3b, 0x53, 0xbc, 0xce, 0x05, 0x43, 0xf7,
				  0x06, 0xe1, 0xb4, 0x6f, 0x97, 0x14 } },
		  { 2214, // 590
			  { 0xa6, 0x03, 0x0f, 0x0e, 0xd9, 0xb1, 0x27, 0xc9, 0x07, 0x7a, 0xbc, 0x63, 0x77, 0xb6,
				  0xf5, 0x37, 0x6c, 0xfb, 0x0c, 0x7e } },
		  { 2217, // 591
			  { 0xa6, 0x7f, 0x38, 0x2b, 0x3d, 0x7f, 0x6f, 0x09, 0xf9, 0xcd, 0xfd, 0x2d, 0x0e, 0x8f,
				  0x89, 0x58, 0x9e, 0x67, 0x8f, 0x37 } },
		  { 2220, // 592
			  { 0xa6, 0xda, 0x1f, 0xe0, 0x53, 0x8a, 0x9a, 0x5c, 0xc6, 0x5c, 0x21, 0x74, 0x06, 0xb6,
				  0xa0, 0x45, 0x7b, 0x1f, 0xcf, 0xd9 } },
		  { 2223, // 593
			  { 0xa7, 0x41, 0xd1, 0xe0, 0xf7, 0x47, 0x12, 0x5b, 0xc1, 0x55, 0x3c, 0x1f, 0x21, 0xaf,
				  0xb4, 0x3d, 0xeb, 0xe0, 0xec, 0x25 } },
		  { 2226, // 594
			  { 0xa7, 0x48, 0xe2, 0x9f, 0x0d, 0x74, 0x3f, 0x07, 0xfe, 0x53, 0x0a, 0x67, 0x52, 0xcb,
				  0x6a, 0x1c, 0x1a, 0xb5, 0x82, 0xd3 } },
		  { 2229, // 595
			  { 0xa7, 0xe4, 0x69, 0x6b, 0x6c, 0x55, 0xe4, 0xf1, 0xcd, 0x38, 0x6c, 0xab, 0xd9, 0x59,
				  0xd7, 0xde, 0xb2, 0x45, 0xf5, 0x15 } },
		  { 2231, // 596
			  { 0xa7, 0xf4, 0x1b, 0x27, 0xbc, 0x53, 0xc0, 0x92, 0xdc, 0xe0, 0x7e, 0x5f, 0xc2, 0x02,
				  0x4c, 0x18, 0x23, 0x96, 0x87, 0x95 } },
		  { 2234, // 597
			  { 0xa7, 0xf5, 0xca, 0xb4, 0x34, 0x1a, 0x79, 0xde, 0x84, 0xd5, 0x0b, 0xcc, 0x53, 0xbb,
				  0xf0, 0x1a, 0xa0, 0x51, 0xa2, 0xb0 } },
		  { 2239, // 598
			  { 0xa8, 0x03, 0x5c, 0x7f, 0x5e, 0x0a, 0xc0, 0x79, 0xf9, 0xf6, 0x5d, 0xd6, 0xab, 0x0e,
				  0x30, 0x8a, 0xd3, 0x53, 0x84, 0x8a } },
		  { 2242, // 599
			  { 0xa8, 0x16, 0xd7, 0x4a, 0xb0, 0x7f, 0xc5, 0x95, 0x19, 0xc5, 0xd5, 0x2b, 0x3a, 0x19,
				  0x6b, 0xf7, 0x9b, 0xa5, 0x3d, 0xa9 } },
		  { 2245, // 600
			  { 0xa8, 0x3f, 0xc4, 0xc9, 0xba, 0x26, 0xb4, 0xa5, 0xc0, 0x58, 0x6f, 0xc6, 0x82, 0x2d,
				  0x7c, 0x3d, 0xf1, 0xbb, 0x18, 0xcc } },
		  { 2248, // 601
			  { 0xa8, 0x56, 0x35, 0xc0, 0x83, 0xa5, 0xc6, 0x41, 0xfb, 0xa4, 0x90, 0xf9, 0xaa, 0x0c,
				  0x3e, 0x2c, 0x10, 0xc3, 0x75, 0x10 } },
		  { 2251, // 602
			  { 0xa8, 0x80, 0x30, 0x7e, 0x3a, 0xfa, 0xd2, 0x4f, 0x45, 0xdd, 0xb2, 0xf5, 0x8c, 0xe4,
				  0xe2, 0x22, 0x3d, 0x2b, 0x9e, 0x19 } },
		  { 2254, // 603
			  { 0xa8, 0x8f, 0xbe, 0x6d, 0xb5, 0x01, 0xaf, 0xfe, 0x36, 0x94, 0xad, 0x3b, 0xc8, 0x5e,
				  0x26, 0x01, 0x9c, 0xc9, 0x8f, 0x9b } },
		  { 2257, // 604
			  { 0xa9, 0x5a, 0x20, 0x6c, 0x39, 0xd8, 0x8e, 0x60, 0xd7, 0xe5, 0xfa, 0x0b, 0x92, 0x1f,
				  0x60, 0xb9, 0xcc, 0x08, 0x38, 0x67 } },
		  { 2260, // 605
			  { 0xa9, 0x6b, 0xa9, 0xa7, 0x9a, 0x5c, 0x56, 0x1d, 0x17, 0x11, 0xd6, 0x64, 0xd5, 0x94,
				  0xc3, 0xec, 0x97, 0x28, 0xa4, 0xdf } },
		  { 2263, // 606
			  { 0xaa, 0x16, 0x13, 0x9b, 0x17, 0x60, 0x23, 0xdd, 0x44, 0xaa, 0x4e, 0x1f, 0xd2, 0xd1,
				  0xc2, 0x23, 0xdb, 0xb0, 0x1a, 0x6a } },
		  { 2266, // 607
			  { 0xaa, 0x16, 0xf1, 0xf5, 0x29, 0xe9, 0xa3, 0x49, 0x48, 0x64, 0xc5, 0x56, 0xd6, 0x42,
				  0x17, 0x8b, 0xb3, 0x0b, 0xf0, 0x9d } },
		  { 2269, // 608
			  { 0xaa, 0x6b, 0xdb, 0xaf, 0xe2, 0xe2, 0x0a, 0x3f, 0x8b, 0xb0, 0xe7, 0x71, 0xf4, 0xb3,
				  0x87, 0x03, 0xf9, 0x24, 0x4e, 0x85 } },
		  { 2272, // 609
			  { 0xaa, 0x7b, 0x16, 0x2d, 0xef, 0x9c, 0xf0, 0xa0, 0x21, 0xc3, 0xc4, 0x87, 0xd3, 0xf1,
				  0x88, 0x4e, 0x7e, 0x79, 0x9b, 0xb6 } },
		  { 2275, // 610
			  { 0xab, 0x1b, 0xc0, 0x1e, 0x2d, 0x44, 0xc7, 0xe9, 0x8d, 0xf3, 0xad, 0xce, 0xc4, 0xa5,
				  0x15, 0x7f, 0x41, 0x61, 0x0b, 0xbf } },
		  { 2278, // 611
			  { 0xab, 0x56, 0x89, 0xd6, 0xb6, 0x07, 0xcb, 0x68, 0x6d, 0x65, 0x12, 0xe2, 0x9b, 0xb6,
				  0x67, 0x75, 0x44, 0xc1, 0x1a, 0xe8 } },
		  { 2281, // 612
			  { 0xab, 0xb0, 0x8f, 0x2a, 0xfe, 0xc0, 0x6c, 0x8a, 0x6a, 0xf8, 0xc9, 0xbb, 0xdf, 0x09,
				  0xdc, 0x81, 0x33, 0x24, 0x78, 0xd5 } },
		  { 2284, // 613
			  { 0xab, 0xd8, 0x73, 0x88, 0xe7, 0x5c, 0xb5, 0xc9, 0xf8, 0x78, 0x7c, 0xa5, 0xb8, 0x66,
				  0x74, 0x24, 0x31, 0xe9, 0x72, 0x62 } },
		  { 2287, // 614
			  { 0xac, 0x16, 0x76, 0xdf, 0x73, 0x5b, 0xdc, 0x88, 0x75, 0x5e, 0x9e, 0x06, 0xe9, 0x15,
				  0x76, 0x75, 0xc6, 0xcd, 0xd3, 0x9a } },
		  { 2289, // 615
			  { 0xac, 0xf5, 0x20, 0x80, 0xae, 0x20, 0x5b, 0x79, 0xbd, 0x5b, 0x01, 0x14, 0x73, 0xd1,
				  0xfa, 0x3c, 0x56, 0xb4, 0xe8, 0x6e } },
		  { 2292, // 616
			  { 0xad, 0x11, 0xf6, 0x69, 0xbb, 0x43, 0xf3, 0x3d, 0x10, 0x30, 0x84, 0x09, 0xd3, 0x88,
				  0xdc, 0x05, 0xc0, 0x73, 0x6f, 0x71 } },
		  { 2295, // 617
			  { 0xad, 0x4a, 0x77, 0x5b, 0xf7, 0x70, 0x55, 0x95, 0x05, 0xdd, 0x3c, 0x55, 0xc5, 0x0f,
				  0xf0, 0x4d, 0xcb, 0x8f, 0xfd, 0x67 } },
		  { 2300, // 618
			  { 0xad, 0x69, 0x99, 0x71, 0xba, 0x8e, 0xbd, 0x53, 0xe3, 0xff, 0x8c, 0x6d, 0x05, 0x00,
				  0xe4, 0xf9, 0x1d, 0xad, 0xc1, 0xf8 } },
		  { 2303, // 619
			  { 0xad, 0xf6, 0x8a, 0x97, 0x3a, 0xdd, 0x78, 0x2f, 0xbc, 0x6a, 0x24, 0xd6, 0xbc, 0x36,
				  0xaf, 0x1d, 0xd1, 0x19, 0x11, 0x89 } },
		  { 2306, // 620
			  { 0xae, 0x83, 0x9a, 0xf3, 0x6f, 0x2b, 0x6e, 0x1e, 0x69, 0xa1, 0x6e, 0x27, 0x3b, 0x4b,
				  0xa8, 0x71, 0xe2, 0x5c, 0x74, 0x73 } },
		  { 2309, // 621
			  { 0xae, 0xd0, 0x4a, 0xdf, 0x14, 0xdb, 0xb5, 0x4b, 0xc2, 0xf6, 0xb7, 0xc3, 0x97, 0x7e,
				  0xcb, 0x0a, 0xdc, 0xc3, 0x6d, 0xad } },
		  { 2312, // 622
			  { 0xaf, 0x1f, 0x9e, 0xa6, 0x53, 0x38, 0x39, 0xa7, 0x12, 0x60, 0xa1, 0x7e, 0x85, 0x8c,
				  0x9b, 0x51, 0x91, 0xde, 0xc2, 0x1d } },
		  { 2315, // 623
			  { 0xaf, 0x49, 0xcd, 0xff, 0xb1, 0x46, 0x22, 0xbf, 0x95, 0x4e, 0x26, 0xfa, 0xa5, 0x73,
				  0x84, 0x01, 0xd9, 0xdf, 0x06, 0xc7 } },
		  { 2318, // 624
			  { 0xaf, 0x5b, 0x5c, 0x66, 0x90, 0x68, 0xf2, 0xbb, 0xfd, 0xc1, 0x2b, 0x67, 0x78, 0xd7,
				  0x6e, 0xec, 0x85, 0x00, 0x91, 0xa2 } },
		  { 2321, // 625
			  { 0xaf, 0xb8, 0x56, 0x8a, 0x31, 0x90, 0x38, 0x23, 0x2e, 0x75, 0xf6, 0xcf, 0x7f, 0x2c,
				  0x96, 0x65, 0x32, 0x8b, 0x20, 0x89 } },
		  { 2324, // 626
			  { 0xb0, 0x03, 0xda, 0x5b, 0x38, 0x57, 0xc4, 0x04, 0xe4, 0x31, 0xe0, 0x5f, 0xe0, 0xad,
				  0xe1, 0xba, 0xe0, 0x9a, 0xc0, 0xd6 } },
		  { 2327, // 627
			  { 0xb0, 0xc8, 0x9f, 0xde, 0xc6, 0xfe, 0xda, 0xa3, 0xea, 0xe9, 0x60, 0xde, 0x53, 0x91,
				  0x77, 0x02, 0x53, 0xd4, 0xeb, 0x09 } },
		  { 2330, // 628
			  { 0xb0, 0xdc, 0x47, 0x21, 0xb8, 0xa8, 0x2a, 0x97, 0x03, 0x6c, 0x1c, 0x6e, 0x81, 0x5a,
				  0x14, 0x8b, 0xb9, 0x1b, 0x78, 0x81 } },
		  { 2333, // 629
			  { 0xb0, 0xfa, 0xbc, 0x09, 0x32, 0x10, 0x40, 0xc5, 0x91, 0x94, 0x18, 0xf5, 0x43, 0xc3,
				  0x77, 0x78, 0x57, 0xd8, 0xde, 0x82 } },
		  { 2336, // 630
			  { 0xb1, 0x4e, 0xb7, 0xec, 0x80, 0xd9, 0xf8, 0xbc, 0x8e, 0xa1, 0x9a, 0x24, 0xfd, 0x2c,
				  0x0f, 0xf1, 0xae, 0xa2, 0x26, 0x0c } },
		  { 2339, // 631
			  { 0xb1, 0x5c, 0x53, 0x40, 0xb1, 0x4b, 0xfc, 0xbb, 0x21, 0x44, 0x2c, 0x21, 0x7e, 0x57,
				  0x04, 0x23, 0x99, 0x75, 0x9a, 0x67 } },
		  { 2342, // 632
			  { 0xb1, 0x69, 0xe8, 0x42, 0x50, 0x3e, 0x28, 0x86, 0xc1, 0xce, 0xf6, 0x19, 0x93, 0xbf,
				  0x8b, 0xd6, 0x4e, 0xfb, 0x45, 0xa3 } },
		  { 2353, // 633
			  { 0xb1, 0xa7, 0xbe, 0x66, 0x1f, 0x77, 0x7a, 0xa9, 0x34, 0x9e, 0x70, 0xbe, 0x58, 0xc1,
				  0xe3, 0xbb, 0xa5, 0x55, 0x69, 0x3c } },
		  { 2356, // 634
			  { 0xb2, 0x06, 0xbf, 0x64, 0x23, 0xf9, 0x9c, 0xd6, 0xd1, 0xd0, 0x66, 0x32, 0x7a, 0xcb,
				  0xb7, 0xa3, 0x97, 0xbc, 0xc3, 0x7a } },
		  { 2363, // 635
			  { 0xb2, 0x0d, 0x7f, 0x6b, 0x40, 0x9e, 0x7b, 0x45, 0x5f, 0x18, 0x39, 0xe6, 0x49, 0x03,
				  0xe6, 0x37, 0xc1, 0x6f, 0x69, 0x61 } },
		  { 2366, // 636
			  { 0xb2, 0x1f, 0x3e, 0x47, 0x82, 0x4c, 0xbe, 0xfa, 0xa0, 0x34, 0x28, 0x9b, 0xc9, 0xca,
				  0x13, 0x3f, 0x67, 0xf0, 0xcb, 0x7d } },
		  { 2369, // 637
			  { 0xb2, 0xb6, 0xa8, 0xe8, 0x89, 0xd8, 0xcd, 0x00, 0x89, 0xc0, 0xec, 0x66, 0x2e, 0xdc,
				  0x51, 0xfd, 0x76, 0x97, 0x8c, 0x47 } },
		  { 2372, // 638
			  { 0xb2, 0xc5, 0x51, 0x3f, 0xe3, 0x8c, 0xd8, 0x80, 0xa0, 0xf0, 0x24, 0xb8, 0x7c, 0x96,
				  0x6b, 0xa7, 0xda, 0x15, 0xed, 0x66 } },
		  { 2377, // 639
			  { 0xb3, 0x1e, 0x48, 0x13, 0x02, 0xf6, 0xdb, 0x28, 0xfa, 0xb5, 0x64, 0xe7, 0x59, 0x5e,
				  0x3a, 0x77, 0x5c, 0x06, 0xe9, 0xb0 } },
		  { 2380, // 640
			  { 0xb3, 0x69, 0x94, 0x7e, 0xfb, 0xeb, 0xef, 0x97, 0xa1, 0x33, 0x26, 0xe7, 0xff, 0x17,
				  0xd0, 0x9d, 0x9b, 0xf1, 0xc9, 0xe2 } },
		  { 2382, // 641
			  { 0xb3, 0x86, 0x55, 0xf4, 0xdd, 0xa9, 0xae, 0x3e, 0x5d, 0x3e, 0x78, 0xed, 0xdb, 0x67,
				  0xbe, 0x80, 0xfe, 0x9e, 0xd2, 0x9b } },
		  { 2384, // 642
			  { 0xb3, 0x97, 0x1a, 0x12, 0x4b, 0x4a, 0xbe, 0x5c, 0x5f, 0xb7, 0x0e, 0x35, 0xd9, 0x51,
				  0x2d, 0x51, 0xda, 0xc7, 0x89, 0x0b } },
		  { 2387, // 643
			  { 0xb3, 0xbf, 0xdf, 0x6c, 0xeb, 0xc9, 0xa0, 0xdb, 0xb5, 0x4b, 0x7e, 0x36, 0xf2, 0xbd,
				  0xd8, 0xdc, 0x4d, 0x77, 0x82, 0xd9 } },
		  { 2390, // 644
			  { 0xb3, 0xce, 0xd6, 0x9a, 0x75, 0xc5, 0x31, 0x0c, 0x69, 0xcd, 0x85, 0xbd, 0x2b, 0xa8,
				  0x3f, 0x62, 0x92, 0x9c, 0xc1, 0x1b } },
		  { 2393, // 645
			  { 0xb4, 0x67, 0x3c, 0xe5, 0xda, 0xfc, 0xc7, 0x55, 0xd3, 0xca, 0x92, 0x34, 0x6e, 0xb9,
				  0xf0, 0x76, 0x88, 0xff, 0x7e, 0xe0 } },
		  { 2396, // 646
			  { 0xb4, 0xc4, 0x80, 0xdd, 0x2a, 0x1d, 0x66, 0x34, 0x76, 0x9f, 0x90, 0x0d, 0x93, 0xef,
				  0x43, 0x27, 0xca, 0x51, 0x2f, 0xb2 } },
		  { 2398, // 647
			  { 0xb4, 0xd8, 0xb8, 0x3b, 0x22, 0x2a, 0x66, 0x30, 0x48, 0xe9, 0xbf, 0x58, 0xd5, 0x37,
				  0xdf, 0x4c, 0x03, 0x10, 0xd9, 0x15 } },
		  { 2401, // 648
			  { 0xb5, 0x6d, 0x55, 0xa5, 0x21, 0x9c, 0x73, 0x17, 0x67, 0xa3, 0x70, 0x46, 0x05, 0x31,
				  0x7b, 0xbe, 0xa7, 0xe5, 0x07, 0x96 } },
		  { 2404, // 649
			  { 0xb5, 0xdb, 0xca, 0x20, 0xaa, 0x1c, 0xc1, 0xb8, 0xd9, 0x23, 0x96, 0x56, 0xd4, 0x84,
				  0x45, 0x08, 0x2e, 0x72, 0x2c, 0xdb } },
		  { 2407, // 650
			  { 0xb5, 0xe6, 0xc6, 0x56, 0x3e, 0x95, 0x60, 0x7c, 0xfc, 0x10, 0xe9, 0xa1, 0x79, 0xda,
				  0xd6, 0xb4, 0x39, 0x91, 0x0c, 0x5d } },
		  { 2410, // 651
			  { 0xb6, 0x1c, 0xb3, 0xae, 0xd5, 0xa3, 0xc1, 0xa2, 0xf9, 0x2d, 0x68, 0x07, 0xca, 0x51,
				  0x8a, 0xb7, 0x7f, 0xe8, 0x45, 0xbb } },
		  { 2413, // 652
			  { 0xb6, 0xde, 0x6c, 0x62, 0x6c, 0x55, 0x1e, 0x8d, 0x0a, 0xf3, 0x4c, 0x88, 0xa6, 0xf2,
				  0x68, 0xb6, 0x81, 0x2a, 0x78, 0xdb } },
		  { 2418, // 653
			  { 0xb7, 0x38, 0x71, 0xc6, 0xca, 0xbf, 0x0a, 0xf2, 0x83, 0xa9, 0x49, 0x5a, 0x69, 0x3b,
				  0xce, 0x32, 0x22, 0x50, 0x9c, 0xed } },
		  { 2421, // 654
			  { 0xb7, 0xc4, 0x91, 0xc8, 0x26, 0x4d, 0x66, 0x60, 0xed, 0x72, 0x5b, 0xb2, 0x89, 0xd1,
				  0xfd, 0x3d, 0xf6, 0xc8, 0x33, 0x5f } },
		  { 2424, // 655
			  { 0xb8, 0x30, 0x4b, 0x54, 0xec, 0x8b, 0x5c, 0x74, 0x29, 0x0a, 0xb4, 0xcc, 0xdc, 0xd2,
				  0x2e, 0x4b, 0x30, 0x73, 0x3b, 0x43 } },
		  { 2427, // 656
			  { 0xb8, 0x90, 0x01, 0xe5, 0xb0, 0x3f, 0xa3, 0x75, 0x97, 0x53, 0xaa, 0xe5, 0xcc, 0x51,
				  0xb4, 0xa8, 0x6b, 0x7e, 0xe3, 0x9c } },
		  { 2430, // 657
			  { 0xb9, 0x34, 0x1c, 0xec, 0xed, 0x4b, 0xab, 0xf4, 0xaa, 0xeb, 0xa8, 0x3a, 0x60, 0xe7,
				  0x98, 0xc7, 0xc4, 0xd8, 0xd0, 0xb5 } },
		  { 2433, // 658
			  { 0xb9, 0xec, 0xa0, 0x2b, 0xbb, 0xab, 0xf9, 0x0d, 0x17, 0xf0, 0xf7, 0xfe, 0xc7, 0x8c,
				  0x19, 0xab, 0x39, 0x6b, 0xf6, 0xb1 } },
		  { 2436, // 659
			  { 0xba, 0xc3, 0x5e, 0xab, 0xa0, 0x09, 0xa6, 0xba, 0xcc, 0x0d, 0x5d, 0xfc, 0x48, 0x90,
				  0xe9, 0x70, 0x35, 0x8b, 0x6c, 0xe6 } },
		  { 2442, // 660
			  { 0xbb, 0x56, 0xca, 0x4a, 0x61, 0x34, 0x53, 0xea, 0x7f, 0xf1, 0xf0, 0x29, 0x51, 0x6f,
				  0x9a, 0xd5, 0x5a, 0x75, 0x59, 0x69 } },
		  { 2445, // 661
			  { 0xbc, 0x12, 0xb2, 0x13, 0x95, 0x08, 0x85, 0x82, 0x38, 0x56, 0x71, 0x5e, 0xf3, 0xbe,
				  0xc9, 0x50, 0x8f, 0xed, 0x43, 0x30 } },
		  { 2448, // 662
			  { 0xbc, 0x5b, 0x15, 0xd4, 0xa4, 0x63, 0x6f, 0x16, 0x90, 0x02, 0x5a, 0xd7, 0xda, 0x8d,
				  0xc1, 0xc6, 0xba, 0x32, 0x3e, 0xfa } },
		  { 2453, // 663
			  { 0xbd, 0x04, 0x42, 0x3e, 0xf9, 0xa0, 0x38, 0x43, 0xcd, 0x33, 0xf8, 0xe8, 0x0b, 0x5a,
				  0xc6, 0x7a, 0xa0, 0x4a, 0xa7, 0x25 } },
		  { 2456, // 664
			  { 0xbd, 0x11, 0x3d, 0xbb, 0xd7, 0xd6, 0x95, 0x01, 0x5d, 0xe5, 0x2a, 0x07, 0x06, 0x37,
				  0xee, 0x0a, 0xb9, 0xfc, 0x18, 0x69 } },
		  { 2459, // 665
			  { 0xbd, 0x6f, 0x76, 0xeb, 0x42, 0x63, 0x1b, 0x7f, 0x18, 0x50, 0x51, 0xd6, 0xd4, 0x76,
				  0x44, 0x39, 0xab, 0xe0, 0x80, 0x1a } },
		  { 2462, // 666
			  { 0xbd, 0xa8, 0x68, 0xaf, 0x13, 0xe5, 0x9f, 0x94, 0x3a, 0xbb, 0xe6, 0xaa, 0xcc, 0x48,
				  0x99, 0x5c, 0x61, 0x06, 0xbe, 0x46 } },
		  { 2465, // 667
			  { 0xbd, 0xd2, 0xb7, 0xb7, 0xd3, 0x8d, 0xe7, 0xbc, 0xb7, 0xa2, 0xbe, 0x69, 0x8d, 0xc9,
				  0x2b, 0x7d, 0x20, 0x38, 0x81, 0x20 } },
		  { 2468, // 668
			  { 0xbd, 0xfc, 0x9e, 0x1c, 0xd2, 0xa6, 0x87, 0x5e, 0x62, 0xbb, 0xc4, 0xa3, 0x39, 0xf9,
				  0x1d, 0xef, 0xa0, 0xf5, 0x28, 0xfb } },
		  { 2471, // 669
			  { 0xbe, 0x0a, 0x3b, 0xd2, 0x3d, 0xa3, 0xfd, 0x05, 0x2f, 0x61, 0xb4, 0xfb, 0xdd, 0x1f,
				  0x6e, 0x4f, 0x80, 0x9f, 0xa4, 0xfb } },
		  { 2474, // 670
			  { 0xbe, 0x42, 0xcc, 0xb5, 0xda, 0x04, 0x5b, 0x2a, 0x10, 0xf0, 0x59, 0xc2, 0x7d, 0x6f,
				  0x7b, 0xf7, 0xa6, 0x69, 0x1e, 0xa8 } },
		  { 2477, // 671
			  { 0xbe, 0x60, 0xde, 0x1c, 0xc4, 0x30, 0x4b, 0x7a, 0x22, 0xd4, 0x9a, 0x24, 0x41, 0xa5,
				  0xde, 0x19, 0xd9, 0x67, 0xcb, 0xb7 } },
		  { 2479, // 672
			  { 0xbe, 0x63, 0x8b, 0xc0, 0x41, 0x2a, 0x1f, 0xd3, 0xc6, 0xc8, 0x2d, 0x1d, 0xea, 0x20,
				  0x16, 0x74, 0xba, 0xdb, 0x98, 0x04 } },
		  { 2482, // 673
			  { 0xbe, 0x95, 0xe3, 0xfb, 0xe5, 0xdc, 0x51, 0x81, 0xdc, 0x27, 0x89, 0x02, 0xae, 0x6a,
				  0x0a, 0xf3, 0x56, 0xa4, 0x21, 0x0d } },
		  { 2484, // 674
			  { 0xbe, 0xa9, 0xae, 0xf2, 0xd7, 0xda, 0xdf, 0xe1, 0x2a, 0xf2, 0xf6, 0x41, 0x3b, 0x21,
				  0x0f, 0x22, 0x2d, 0x34, 0x0b, 0x9b } },
		  { 2487, // 675
			  { 0xbe, 0xee, 0xd8, 0x3c, 0xdd, 0xe0, 0xc4, 0x05, 0xb2, 0x71, 0xee, 0x76, 0x7a, 0x27,
				  0x46, 0xb0, 0xed, 0xa3, 0x4b, 0x78 } },
		  { 2490, // 676
			  { 0xbf, 0x12, 0xc2, 0x2a, 0x56, 0x5e, 0x64, 0x93, 0x81, 0x9e, 0x91, 0x2b, 0x31, 0x24,
				  0xc7, 0x68, 0x31, 0xd2, 0xa9, 0x66 } },
		  { 2493, // 677
			  { 0xbf, 0x39, 0xcd, 0x22, 0x9e, 0xcb, 0x53, 0xab, 0xb7, 0x15, 0x5f, 0x49, 0x08, 0x47,
				  0xba, 0x87, 0x93, 0xfd, 0xcd, 0xc4 } },
		  { 2498, // 678
			  { 0xbf, 0x4f, 0x7c, 0x49, 0x2d, 0xe5, 0xcf, 0xf6, 0x3f, 0x0d, 0xcf, 0x87, 0x65, 0x5a,
				  0x3b, 0x69, 0xb8, 0xec, 0x4a, 0x31 } },
		  { 2501, // 679
			  { 0xbf, 0x81, 0xb7, 0x4f, 0x66, 0xad, 0x3f, 0xae, 0x14, 0x81, 0xf4, 0x4a, 0x56, 0x02,
				  0xa3, 0x96, 0x58, 0xb8, 0x8e, 0xfe } },
		  { 2504, // 680
			  { 0xbf, 0x84, 0xfc, 0x63, 0x42, 0xa7, 0x20, 0x50, 0x6c, 0xf9, 0x5d, 0x3a, 0xb3, 0x17,
				  0xce, 0xa3, 0xf2, 0xcd, 0x89, 0xf4 } },
		  { 2507, // 681
			  { 0xbf, 0xc9, 0x6a, 0x97, 0x4c, 0xb9, 0x63, 0xe0, 0x06, 0x21, 0x1a, 0xde, 0x4b, 0xca,
				  0xdd, 0x14, 0xaa, 0xec, 0x18, 0xc6 } },
		  { 2512, // 682
			  { 0xc1, 0x2d, 0x18, 0x6f, 0xb5, 0x19, 0x83, 0x28, 0x0c, 0x5d, 0x35, 0x96, 0x4f, 0x81,
				  0x68, 0x02, 0xe7, 0x11, 0x4d, 0x1c } },
		  { 2515, // 683
			  { 0xc2, 0x02, 0x06, 0x3d, 0x09, 0x6e, 0x69, 0xb6, 0x85, 0xe5, 0x4b, 0xb4, 0x95, 0x3c,
				  0xa0, 0x65, 0xa9, 0x40, 0x48, 0xc5 } },
		  { 2518, // 684
			  { 0xc2, 0x2b, 0xf4, 0x56, 0x6b, 0xef, 0x99, 0x3d, 0x1e, 0xa3, 0x8b, 0xcc, 0x7f, 0x65,
				  0xfa, 0x9c, 0x6e, 0xca, 0x82, 0xb6 } },
		  { 2521, // 685
			  { 0xc2, 0x30, 0xd2, 0x0d, 0x3d, 0x03, 0x9d, 0x00, 0x43, 0xe6, 0x8d, 0xd3, 0xce, 0xed,
				  0x13, 0x8a, 0xb1, 0x09, 0xa0, 0xb3 } },
		  { 2524, // 686
			  { 0xc2, 0x61, 0xc7, 0x44, 0x71, 0x1d, 0xe3, 0x07, 0x27, 0x82, 0x11, 0x80, 0xc4, 0x3f,
				  0x0c, 0xe4, 0xb5, 0x60, 0xa5, 0x3e } },
		  { 2527, // 687
			  { 0xc2, 0x87, 0x5c, 0x7a, 0x4e, 0x08, 0xb6, 0xc9, 0x81, 0x72, 0xce, 0xc1, 0xbe, 0x70,
				  0xa3, 0xdb, 0x21, 0xe9, 0x99, 0x64 } },
		  { 2530, // 688
			  { 0xc2, 0x89, 0x53, 0x8b, 0x5a, 0x5e, 0xfc, 0x7d, 0x66, 0x0a, 0x7a, 0x4c, 0x8d, 0x32,
				  0x5e, 0xcf, 0x50, 0xcb, 0x62, 0xb5 } },
		  { 2533, // 689
			  { 0xc2, 0xb3, 0xa0, 0x5e, 0x1a, 0x44, 0xb6, 0x3c, 0x62, 0x82, 0x86, 0xb3, 0x84, 0xd0,
				  0xbe, 0x31, 0x45, 0x89, 0x5a, 0x7e } },
		  { 2536, // 690
			  { 0xc2, 0xbe, 0x6e, 0xd1, 0x07, 0xd8, 0x95, 0x7c, 0xf2, 0xf2, 0x17, 0x0a, 0xcb, 0x89,
				  0x3f, 0x53, 0x5a, 0x52, 0x94, 0x68 } },
		  { 2541, // 691
			  { 0xc3, 0x0d, 0x10, 0x33, 0x14, 0x60, 0x5a, 0xa9, 0x07, 0x53, 0xa3, 0x18, 0x66, 0xda,
				  0x8b, 0x11, 0x98, 0xd6, 0x5f, 0x28 } },
		  { 2544, // 692
			  { 0xc3, 0x24, 0x15, 0x8f, 0xa1, 0x71, 0x5a, 0xbc, 0x08, 0xf9, 0x79, 0xe3, 0x92, 0xca,
				  0xbf, 0x9c, 0xa4, 0xd0, 0x66, 0xf8 } },
		  { 2547, // 693
			  { 0xc3, 0x6a, 0x79, 0xa2, 0x84, 0x27, 0x29, 0x51, 0x2b, 0xc5, 0xf0, 0x1c, 0x44, 0x66,
				  0x9d, 0xf6, 0xc1, 0xb3, 0x2d, 0x99 } },
		  { 2550, // 694
			  { 0xc3, 0x6c, 0x7b, 0xa2, 0x76, 0xbd, 0x80, 0x59, 0xf7, 0xaa, 0xff, 0xec, 0xa5, 0x80,
				  0x52, 0x00, 0xba, 0x8d, 0xb1, 0x73 } },
		  { 2555, // 695
			  { 0xc3, 0x7c, 0x2a, 0x7c, 0xfb, 0x95, 0x1d, 0x93, 0x52, 0x41, 0x3c, 0xd7, 0xc0, 0x36,
				  0xe6, 0xa0, 0xbb, 0x99, 0xc0, 0xd6 } },
		  { 2558, // 696
			  { 0xc3, 0xc4, 0xbb, 0x66, 0xc8, 0x1a, 0x01, 0x90, 0x88, 0x03, 0x5b, 0x8a, 0x36, 0xcc,
				  0xaa, 0x04, 0x82, 0xfd, 0x80, 0x9f } },
		  { 2561, // 697
			  { 0xc3, 0xe3, 0xdb, 0x20, 0x99, 0x56, 0xbd, 0x60, 0x08, 0xd8, 0x5e, 0xe4, 0x74, 0x35,
				  0xcb, 0xa4, 0x50, 0xed, 0x18, 0xed } },
		  { 2564, // 698
			  { 0xc4, 0xa3, 0xaf, 0x06, 0x83, 0x1e, 0x43, 0x1d, 0xe9, 0xeb, 0xff, 0x34, 0x25, 0xfa,
				  0xed, 0x3a, 0x68, 0x74, 0xff, 0xb3 } },
		  { 2567, // 699
			  { 0xc4, 0xb6, 0x28, 0xc3, 0xce, 0x7b, 0x28, 0xc6, 0x8a, 0x09, 0xb5, 0x32, 0xa2, 0x00,
				  0x2c, 0xf5, 0xb3, 0xc6, 0x30, 0xbc } },
		  { 2576, // 700
			  { 0xc4, 0xb7, 0x85, 0x28, 0x76, 0x25, 0x55, 0xdd, 0x14, 0x70, 0xd8, 0x89, 0x02, 0xcb,
				  0xfd, 0xf9, 0xad, 0x14, 0xc9, 0x1a } },
		  { 2579, // 701
			  { 0xc4, 0xef, 0x76, 0x5c, 0x29, 0x0c, 0xa4, 0x28, 0x87, 0xc9, 0xe6, 0x9e, 0x82, 0x1b,
				  0x6c, 0x07, 0xec, 0x54, 0xac, 0xbe } },
		  { 2592, // 702
			  { 0xc5, 0x3f, 0xa0, 0xa5, 0x03, 0x56, 0x13, 0xb0, 0xba, 0xcd, 0x2a, 0x0f, 0x59, 0x87,
				  0x90, 0x92, 0xd2, 0x2b, 0x23, 0x83 } },
		  { 2595, // 703
			  { 0xc7, 0x15, 0x38, 0xc1, 0xb8, 0xaf, 0x66, 0xe7, 0x5f, 0x9d, 0x33, 0x5c, 0xe9, 0x1a,
				  0xaa, 0xe3, 0x34, 0x9c, 0x41, 0x20 } },
		  { 2598, // 704
			  { 0xc7, 0x22, 0x65, 0xad, 0x6d, 0x70, 0xcd, 0x16, 0xde, 0x49, 0xa2, 0xcd, 0xa1, 0x69,
				  0xe2, 0x1d, 0xa8, 0x1c, 0xe3, 0xb2 } },
		  { 2601, // 705
			  { 0xc7, 0x8f, 0x6a, 0xc2, 0x77, 0x80, 0x48, 0x37, 0x86, 0xa0, 0x29, 0x73, 0xde, 0xed,
				  0x49, 0xe8, 0x8b, 0x32, 0x5e, 0x68 } },
		  { 2604, // 706
			  { 0xc8, 0x52, 0x32, 0x82, 0x3f, 0x07, 0xf4, 0x48, 0x31, 0xf9, 0xa8, 0x5d, 0xd9, 0x47,
				  0xf1, 0xef, 0x44, 0xb5, 0xb8, 0xde } },
		  { 2607, // 707
			  { 0xc8, 0xa2, 0x18, 0xa8, 0x89, 0xaf, 0x7a, 0x16, 0x83, 0x97, 0x89, 0xb5, 0x60, 0xf8,
				  0x6b, 0xf9, 0x14, 0xa0, 0x62, 0x2a } },
		  { 2610, // 708
			  { 0xc9, 0x7c, 0x88, 0xda, 0xd0, 0xd2, 0x50, 0xa3, 0xa2, 0xf5, 0x98, 0xa1, 0xc5, 0x35,
				  0xa7, 0x69, 0xd6, 0xee, 0xab, 0xc0 } },
		  { 2613, // 709
			  { 0xc9, 0x90, 0x40, 0x14, 0x44, 0x10, 0x4d, 0xd8, 0x72, 0xac, 0x58, 0x7f, 0x18, 0x24,
				  0xe6, 0xd7, 0x6f, 0xbf, 0xce, 0xe5 } },
		  { 2619, // 710
			  { 0xc9, 0xa3, 0x46, 0x41, 0xa1, 0x46, 0x84, 0x6e, 0x8b, 0x83, 0x46, 0x35, 0x15, 0x0c,
				  0x36, 0x20, 0x9c, 0xcd, 0xf7, 0x40 } },
		  { 2622, // 711
			  { 0xc9, 0xa5, 0x05, 0x2c, 0xd0, 0x4e, 0x63, 0x8e, 0xff, 0xdd, 0x0c, 0x9f, 0x04, 0x2e,
				  0x96, 0x25, 0x04, 0x1a, 0x6a, 0xa9 } },
		  { 2625, // 712
			  { 0xca, 0x0b, 0x6f, 0xf3, 0x4c, 0x4d, 0x99, 0x67, 0x75, 0x09, 0x54, 0x61, 0x16, 0x6a,
				  0xf1, 0xf4, 0x1d, 0xc0, 0x5a, 0x99 } },
		  { 2628, // 713
			  { 0xca, 0xf8, 0xa4, 0x6b, 0x27, 0xa2, 0x34, 0xfa, 0x1c, 0x3d, 0x99, 0x71, 0x85, 0x1b,
				  0x0e, 0xd2, 0x45, 0x07, 0xba, 0x39 } },
		  { 2631, // 714
			  { 0xca, 0xfa, 0x81, 0x84, 0x92, 0x8a, 0x30, 0x10, 0x93, 0x92, 0xc5, 0x15, 0x66, 0xa8,
				  0xc9, 0x5d, 0xe9, 0x41, 0xa6, 0x9b } },
		  { 2636, // 715
			  { 0xca, 0xfc, 0x6e, 0xc9, 0x5a, 0xe4, 0x40, 0xc8, 0x38, 0x2c, 0xa2, 0xf4, 0x22, 0xca,
				  0xd8, 0xa6, 0x4a, 0x75, 0x7a, 0x91 } },
		  { 2639, // 716
			  { 0xcb, 0x44, 0xa5, 0x87, 0x8a, 0x05, 0x75, 0xbc, 0x75, 0xf1, 0xc4, 0xe9, 0x91, 0xca,
				  0x52, 0x48, 0xec, 0xe6, 0x68, 0x03 } },
		  { 2662, // 717
			  { 0xcb, 0xaa, 0xb7, 0x4a, 0x6c, 0x54, 0x3b, 0xc0, 0x78, 0x7a, 0xee, 0x89, 0x23, 0xf3,
				  0xa4, 0x57, 0xd3, 0xf1, 0x52, 0xfb } },
		  { 2665, // 718
			  { 0xcb, 0xc3, 0xcd, 0x35, 0x26, 0x85, 0x7a, 0xbc, 0x85, 0x3f, 0x76, 0xc2, 0x6a, 0x6a,
				  0x6d, 0x75, 0x40, 0x01, 0x1e, 0x47 } },
		  { 2668, // 719
			  { 0xcc, 0x25, 0xc1, 0x3f, 0x5f, 0xe0, 0x5a, 0xc6, 0x4a, 0x4b, 0x4d, 0x31, 0x51, 0xd7,
				  0xa0, 0x5e, 0x4d, 0x40, 0x0c, 0xb0 } },
		  { 2671, // 720
			  { 0xcc, 0x81, 0x5b, 0xa3, 0x04, 0xaf, 0x90, 0xef, 0x58, 0x65, 0x73, 0x36, 0x87, 0x7b,
				  0xea, 0x29, 0x22, 0x3e, 0x32, 0xee } },
		  { 2674, // 721
			  { 0xcc, 0x92, 0xf6, 0xd2, 0x12, 0x2b, 0xf0, 0x04, 0xb6, 0xb6, 0x2a, 0x6f, 0x84, 0xc9,
				  0xd0, 0xcf, 0xf5, 0x01, 0x3f, 0xdd } },
		  { 2677, // 722
			  { 0xcd, 0x29, 0xcb, 0x60, 0xe3, 0x0d, 0xba, 0x7e, 0x93, 0x91, 0x81, 0x40, 0xcc, 0xb6,
				  0xff, 0x58, 0x22, 0x5e, 0x08, 0x42 } },
		  { 2680, // 723
			  { 0xcd, 0x2c, 0x15, 0xd7, 0xa0, 0x7a, 0x16, 0xe3, 0xed, 0x8c, 0x82, 0x71, 0x9f, 0x5f,
				  0xb4, 0xb6, 0xb3, 0x06, 0xb1, 0xc9 } },
		  { 2683, // 724
			  { 0xcd, 0x47, 0xb6, 0x83, 0xa0, 0x6f, 0x4e, 0xed, 0x02, 0x01, 0xf1, 0x5c, 0x9a, 0x6b,
				  0x99, 0xf0, 0xd4, 0x4b, 0xd5, 0x90 } },
		  { 2686, // 725
			  { 0xcd, 0x70, 0x1c, 0x2d, 0xd6, 0x7f, 0x43, 0x47, 0x67, 0x69, 0xab, 0x97, 0x43, 0xdf,
				  0x3a, 0x68, 0xb9, 0x12, 0x45, 0x06 } },
		  { 2689, // 726
			  { 0xcd, 0x79, 0x0a, 0xbc, 0x80, 0xee, 0xb4, 0x99, 0x6c, 0x1a, 0x95, 0xb4, 0xbd, 0xf5,
				  0x3d, 0x48, 0x86, 0x9d, 0xd0, 0x7d } },
		  { 2692, // 727
			  { 0xcd, 0x84, 0xa4, 0x81, 0x85, 0x0a, 0x00, 0xf6, 0xfe, 0x9e, 0x31, 0x07, 0xf2, 0x13,
				  0x5d, 0x68, 0x4c, 0x52, 0x80, 0x03 } },
		  { 2695, // 728
			  { 0xcd, 0x8f, 0x12, 0xf3, 0xe7, 0x91, 0x18, 0x86, 0xf6, 0x9a, 0xdc, 0x08, 0x7d, 0x3a,
				  0x64, 0x2a, 0x2c, 0xec, 0xa0, 0x61 } },
		  { 2698, // 729
			  { 0xce, 0x39, 0x35, 0x17, 0xcb, 0x7b, 0x62, 0x5d, 0x4a, 0xfa, 0xec, 0x94, 0x03, 0x32,
				  0xe8, 0xff, 0x2d, 0xc8, 0xfc, 0xc4 } },
		  { 2701, // 730
			  { 0xce, 0x6a, 0xe0, 0xf4, 0x68, 0xad, 0x92, 0x97, 0xeb, 0x4e, 0x90, 0x72, 0x33, 0x3b,
				  0xd0, 0x3b, 0x4e, 0xdd, 0x44, 0xcb } },
		  { 2704, // 731
			  { 0xce, 0x8e, 0xfd, 0x66, 0x46, 0x3c, 0xa0, 0xbb, 0x89, 0x69, 0x26, 0x2e, 0x69, 0x91,
				  0xec, 0x0d, 0x1f, 0x5f, 0x1e, 0x9c } },
		  { 2707, // 732
			  { 0xce, 0xaf, 0x83, 0xb3, 0xbd, 0x2b, 0xb7, 0xa0, 0x5c, 0xcf, 0xe6, 0x77, 0x5b, 0x0d,
				  0xd0, 0x4d, 0x48, 0x27, 0xc2, 0xc0 } },
		  { 2738, // 733
			  { 0xce, 0xda, 0x2a, 0x6c, 0xd4, 0x12, 0x20, 0x86, 0x4b, 0xc2, 0xab, 0xb3, 0x7c, 0x03,
				  0x9a, 0xae, 0x3c, 0x8e, 0x40, 0xf0 } },
		  { 2741, // 734
			  { 0xcf, 0x8c, 0x19, 0x75, 0x00, 0x3f, 0x44, 0x8a, 0x22, 0x87, 0x27, 0x0e, 0xdb, 0x9e,
				  0x69, 0x5f, 0x7f, 0x28, 0xdf, 0xd9 } },
		  { 2744, // 735
			  { 0xd1, 0x0a, 0x9b, 0xc0, 0xe0, 0x23, 0xed, 0x28, 0xe6, 0x00, 0xa4, 0x40, 0x36, 0x3c,
				  0xa2, 0x4c, 0x5b, 0xf0, 0x33, 0xc7 } },
		  { 2747, // 736
			  { 0xd1, 0x4b, 0xbd, 0x07, 0x0b, 0x67, 0xbf, 0xa2, 0x09, 0xa7, 0x75, 0x4f, 0xbf, 0xda,
				  0xf0, 0x05, 0xcc, 0x89, 0xca, 0x6d } },
		  { 2750, // 737
			  { 0xd1, 0x4f, 0x81, 0x5b, 0xde, 0x26, 0x10, 0x96, 0x0d, 0xf0, 0x75, 0xb9, 0xb9, 0xc3,
				  0x69, 0x52, 0xdc, 0x96, 0x96, 0x9c } },
		  { 2753, // 738
			  { 0xd1, 0x6a, 0x9f, 0x9e, 0xaf, 0x54, 0xa3, 0x49, 0x67, 0xdf, 0xbc, 0x2b, 0xeb, 0xa2,
				  0xf0, 0xc5, 0x1c, 0x5f, 0xcb, 0x43 } },
		  { 2756, // 739
			  { 0xd1, 0xf4, 0x64, 0xcf, 0x3d, 0xc2, 0xbd, 0xe8, 0xc4, 0x0e, 0xbb, 0x21, 0xb4, 0x76,
				  0xd4, 0xa2, 0xa6, 0xf9, 0x2e, 0x22 } },
		  { 2760, // 740
			  { 0xd1, 0xff, 0xe1, 0x3e, 0x57, 0x55, 0x08, 0xe9, 0x28, 0xa7, 0xdd, 0x8c, 0x04, 0x3e,
				  0xc4, 0xbb, 0xf2, 0x36, 0x62, 0x5f } },
		  { 2763, // 741
			  { 0xd2, 0x5c, 0x3a, 0x1a, 0x66, 0x18, 0xe0, 0x6d, 0xe1, 0xb5, 0x1e, 0x4c, 0x17, 0xa3,
				  0x50, 0x90, 0xdd, 0xdb, 0x33, 0x7b } },
		  { 2766, // 742
			  { 0xd2, 0xc6, 0x90, 0x8f, 0x17, 0x48, 0x2b, 0x41, 0x5e, 0x2b, 0xe7, 0xe4, 0x25, 0x8c,
				  0xc3, 0xd2, 0xba, 0xdc, 0x54, 0x09 } },
		  { 2769, // 743
			  { 0xd2, 0xce, 0x72, 0x52, 0x1e, 0x0e, 0x85, 0x0a, 0x5a, 0x59, 0x7f, 0xaa, 0x90, 0x0b,
				  0x07, 0x71, 0x85, 0xc8, 0xe4, 0x0b } },
		  { 2772, // 744
			  { 0xd2, 0xe1, 0x0f, 0xcc, 0x18, 0x06, 0x8d, 0x6c, 0xe9, 0x27, 0x79, 0x17, 0x0e, 0x85,
				  0x63, 0xfd, 0xbd, 0x4a, 0x15, 0x11 } },
		  { 2775, // 745
			  { 0xd3, 0x09, 0x41, 0xd1, 0xe2, 0x5f, 0x5d, 0x3d, 0x67, 0x0f, 0x8c, 0xe9, 0xc7, 0x97,
				  0x99, 0x20, 0x9c, 0xca, 0x19, 0x79 } },
		  { 2777, // 746
			  { 0xd3, 0x28, 0xd3, 0x5d, 0xfb, 0xe0, 0x05, 0x74, 0x7c, 0xbd, 0x01, 0xd5, 0x4b, 0xdd,
				  0xa4, 0xa6, 0xa1, 0x7a, 0x68, 0x7d } },
		  { 2780, // 747
			  { 0xd3, 0x7a, 0x62, 0x9d, 0xc6, 0xd6, 0x93, 0x98, 0xc7, 0x6e, 0x1d, 0x09, 0x4e, 0x57,
				  0x20, 0xea, 0xb5, 0x81, 0x3d, 0xcc } },
		  { 2783, // 748
			  { 0xd4, 0x4d, 0x7c, 0x71, 0xdb, 0xf2, 0xe3, 0x23, 0x11, 0xc4, 0xe4, 0xd0, 0x6c, 0x79,
				  0x06, 0x34, 0x5d, 0x45, 0x30, 0x7a } },
		  { 2786, // 749
			  { 0xd4, 0xaf, 0xfd, 0x18, 0x56, 0x4e, 0xcc, 0x73, 0xbc, 0x82, 0x92, 0x98, 0xfe, 0x2b,
				  0xaa, 0xbc, 0xb5, 0x87, 0x0f, 0x77 } },
		  { 2789, // 750
			  { 0xd5, 0x0f, 0xa4, 0x76, 0xcd, 0xa3, 0xe3, 0x01, 0xcf, 0xc0, 0xfe, 0x43, 0xec, 0x29,
				  0x04, 0xf8, 0xdc, 0x53, 0x1c, 0x80 } },
		  { 2792, // 751
			  { 0xd5, 0x1a, 0xf2, 0x1f, 0x93, 0x04, 0x82, 0x6b, 0x2d, 0x92, 0x21, 0x81, 0xe2, 0x75,
				  0x3a, 0x47, 0xb0, 0x25, 0x13, 0x25 } },
		  { 2795, // 752
			  { 0xd5, 0x45, 0xba, 0x90, 0x84, 0x87, 0x1b, 0x76, 0x04, 0x7b, 0x5e, 0xda, 0xcc, 0x9f,
				  0x3f, 0x91, 0x88, 0xdd, 0xe8, 0xb1 } },
		  { 2798, // 753
			  { 0xd5, 0x63, 0x42, 0x03, 0xb3, 0x24, 0xb6, 0x21, 0x8d, 0xb1, 0x70, 0x69, 0xb3, 0x88,
				  0x54, 0xb8, 0x5c, 0xde, 0x3d, 0xae } },
		  { 2800, // 754
			  { 0xd5, 0x8a, 0x89, 0x47, 0xbc, 0x3b, 0x3e, 0xb4, 0xce, 0x7f, 0x33, 0x4f, 0xbb, 0x41,
				  0x08, 0x7f, 0x20, 0x33, 0xb1, 0x00 } },
		  { 2802, // 755
			  { 0xd6, 0x29, 0x4d, 0xaf, 0xa1, 0xf7, 0x36, 0x9f, 0xa1, 0xd6, 0x7a, 0x61, 0x32, 0xda,
				  0xe9, 0x18, 0xa6, 0x73, 0x35, 0x9b } },
		  { 2805, // 756
			  { 0xd6, 0x40, 0xc2, 0xd3, 0x6c, 0x73, 0xef, 0x69, 0x64, 0x8b, 0x8c, 0x1f, 0xd5, 0x3d,
				  0xd0, 0xec, 0x9b, 0x84, 0xbf, 0x89 } },
		  { 2808, // 757
			  { 0xd6, 0x59, 0x6d, 0xa4, 0x3e, 0x57, 0xe6, 0xf8, 0x10, 0x12, 0x83, 0x98, 0x44, 0x97,
				  0x3a, 0xfb, 0x4b, 0xb4, 0x74, 0x4a } },
		  { 2811, // 758
			  { 0xd6, 0x6f, 0x8a, 0x61, 0x32, 0x83, 0x30, 0xff, 0xc6, 0xbb, 0x43, 0xa1, 0x2b, 0x2b,
				  0x6e, 0x3c, 0x34, 0x9c, 0x75, 0x7e } },
		  { 2814, // 759
			  { 0xd6, 0x75, 0x98, 0x99, 0x36, 0xa7, 0x32, 0x22, 0xc7, 0xd5, 0x8a, 0xfd, 0x8c, 0xc4,
				  0x80, 0x2a, 0x41, 0xa1, 0x26, 0x0b } },
		  { 2817, // 760
			  { 0xd7, 0x88, 0x2c, 0xd2, 0x38, 0x79, 0x54, 0xee, 0xe4, 0xf3, 0xba, 0x4d, 0x1a, 0x7a,
				  0x31, 0x50, 0xc0, 0xc7, 0x1f, 0x35 } },
		  { 2820, // 761
			  { 0xd7, 0xad, 0xdc, 0xb9, 0x57, 0xf5, 0x17, 0x18, 0x44, 0x27, 0xf9, 0x7b, 0x7c, 0x5d,
				  0x33, 0x08, 0x8e, 0x92, 0x81, 0xe4 } },
		  { 2823, // 762
			  { 0xd7, 0xbd, 0x4e, 0x79, 0xf4, 0xd0, 0xfe, 0xf2, 0xc5, 0x2e, 0x2f, 0xc5, 0xf1, 0x50,
				  0x4b, 0x3b, 0xd4, 0x35, 0x91, 0x3f } },
		  { 2826, // 763
			  { 0xd7, 0xf0, 0x75, 0xe3, 0x4b, 0xca, 0x33, 0x75, 0x86, 0xb9, 0x1c, 0xf7, 0xed, 0xde,
				  0x45, 0xca, 0x9b, 0xfd, 0x5e, 0x2b } },
		  { 2829, // 764
			  { 0xd8, 0x7a, 0xd0, 0x79, 0xb5, 0x67, 0xf7, 0x54, 0x39, 0x34, 0xa4, 0x01, 0x5c, 0x6a,
				  0xd1, 0x3f, 0x7d, 0x77, 0xa6, 0x5a } },
		  { 2831, // 765
			  { 0xd8, 0x7f, 0x4f, 0x19, 0xec, 0x4b, 0x49, 0xfa, 0x05, 0xd7, 0xb2, 0x81, 0x59, 0x0e,
				  0xb3, 0x55, 0x8e, 0x4d, 0x13, 0x8b } },
		  { 2834, // 766
			  { 0xd8, 0x98, 0x0c, 0xd9, 0xfc, 0xa8, 0x59, 0x8f, 0x3d, 0x93, 0x52, 0xa7, 0xa2, 0x99,
				  0x85, 0xed, 0xe9, 0x8c, 0x5f, 0x45 } },
		  { 2841, // 767
			  { 0xd8, 0xe8, 0x51, 0x06, 0xd3, 0xd4, 0x27, 0x42, 0xcf, 0xc4, 0x27, 0xdb, 0xee, 0xce,
				  0xa5, 0x5c, 0xd6, 0x9b, 0xb2, 0x9f } },
		  { 2844, // 768
			  { 0xda, 0xd4, 0xaf, 0xfb, 0x30, 0x56, 0x7c, 0x8d, 0x02, 0x49, 0xfc, 0x53, 0x3f, 0x12,
				  0x2e, 0xaf, 0x8b, 0xf6, 0x47, 0x17 } },
		  { 2847, // 769
			  { 0xdb, 0x10, 0x59, 0x9d, 0x8a, 0x06, 0x71, 0x69, 0x12, 0xff, 0xd9, 0x8d, 0x40, 0xe2,
				  0x5b, 0x64, 0x2b, 0x80, 0xf7, 0x30 } },
		  { 2850, // 770
			  { 0xdb, 0x5a, 0x76, 0x89, 0xf0, 0x6d, 0x65, 0xb5, 0xce, 0x1d, 0xcd, 0x05, 0x1f, 0xb6,
				  0x0e, 0x35, 0x33, 0xb8, 0x01, 0x42 } },
		  { 2852, // 771
			  { 0xdb, 0x61, 0x86, 0xe4, 0x07, 0x9a, 0x34, 0x2a, 0x1b, 0x4a, 0x9d, 0xe6, 0xb3, 0xcb,
				  0xee, 0x26, 0x96, 0x48, 0xbf, 0x15 } },
		  { 2859, // 772
			  { 0xdb, 0x8e, 0x50, 0x91, 0xde, 0x8c, 0xdb, 0x70, 0x4b, 0x4d, 0xca, 0x02, 0xea, 0x02,
				  0xcc, 0xd9, 0x88, 0x28, 0x88, 0x3a } },
		  { 2861, // 773
			  { 0xdb, 0xfd, 0x55, 0xe5, 0xf1, 0xcc, 0x34, 0xce, 0x40, 0xc6, 0x82, 0x91, 0x52, 0x68,
				  0x5a, 0x2b, 0x8e, 0xfe, 0xe5, 0x10 } },
		  { 2864, // 774
			  { 0xdc, 0x01, 0x50, 0x2c, 0x04, 0xa8, 0x4a, 0x64, 0xa8, 0x61, 0xd7, 0x72, 0xdd, 0x40,
				  0x39, 0x29, 0x47, 0xdc, 0x68, 0x09 } },
		  { 2869, // 775
			  { 0xdc, 0x7e, 0x2e, 0x64, 0x55, 0xed, 0x81, 0x1b, 0x39, 0xf3, 0x97, 0xb3, 0x0a, 0x97,
				  0xe9, 0x08, 0x07, 0x03, 0xc8, 0x97 } },
		  { 2878, // 776
			  { 0xdc, 0xd4, 0xeb, 0x9a, 0xf2, 0xf4, 0x7f, 0x81, 0x4c, 0xfd, 0x38, 0xcb, 0x2b, 0x30,
				  0xd4, 0x63, 0x48, 0xc8, 0xa8, 0xeb } },
		  { 2881, // 777
			  { 0xdc, 0xe1, 0x09, 0xc5, 0x7e, 0x9f, 0xca, 0xfd, 0xb8, 0xeb, 0x3b, 0x8f, 0x45, 0xdc,
				  0x19, 0x80, 0x54, 0x39, 0xf3, 0x25 } },
		  { 2884, // 778
			  { 0xdd, 0x4e, 0x02, 0xeb, 0x4a, 0x90, 0xf3, 0xf0, 0xae, 0x7e, 0xce, 0xf2, 0x6c, 0xba,
				  0xb2, 0x54, 0xe8, 0x03, 0xf9, 0xcd } },
		  { 2887, // 779
			  { 0xdd, 0x69, 0xca, 0x70, 0xc0, 0xad, 0x1e, 0xe9, 0x72, 0xfd, 0x8e, 0x88, 0x42, 0xe1,
				  0xd6, 0x15, 0x0a, 0xbd, 0xac, 0x21 } },
		  { 2890, // 780
			  { 0xdd, 0x87, 0x94, 0x5b, 0xdb, 0xa4, 0xa2, 0x36, 0x07, 0xaf, 0x55, 0x72, 0x97, 0xae,
				  0x04, 0x68, 0x60, 0x6e, 0x01, 0xb0 } },
		  { 2893, // 781
			  { 0xde, 0x84, 0x9b, 0xf2, 0x4c, 0xd3, 0xe9, 0xdb, 0xf4, 0x42, 0xa5, 0x3d, 0xb1, 0x96,
				  0xd8, 0x2e, 0x00, 0x7c, 0xdb, 0x18 } },
		  { 2896, // 782
			  { 0xde, 0xb0, 0x99, 0x9e, 0xa1, 0x49, 0x99, 0xb1, 0xe8, 0x4f, 0xcc, 0x7e, 0xf3, 0x9a,
				  0xca, 0xbd, 0xdd, 0x50, 0x85, 0x57 } },
		  { 2899, // 783
			  { 0xdf, 0x3a, 0xa8, 0x77, 0xa7, 0x9d, 0x54, 0xff, 0xc1, 0x65, 0xd0, 0x24, 0x9a, 0x1f,
				  0xeb, 0xce, 0x74, 0x32, 0xe5, 0x3d } },
		  { 2902, // 784
			  { 0xdf, 0x4e, 0xe5, 0x3a, 0xe0, 0x53, 0x00, 0x5a, 0x93, 0xdf, 0x5a, 0xbe, 0x3e, 0x14,
				  0xa6, 0x16, 0xf8, 0xdd, 0x1d, 0x74 } },
		  { 2906, // 785
			  { 0xdf, 0x5b, 0xea, 0xdf, 0x55, 0xe1, 0x7b, 0x2c, 0x84, 0x8b, 0x75, 0x3a, 0x64, 0x64,
				  0x29, 0xe5, 0xd8, 0xea, 0x1a, 0x35 } },
		  { 2909, // 786
			  { 0xdf, 0xb1, 0x75, 0xb7, 0xe1, 0x3f, 0xd8, 0x78, 0x01, 0x13, 0xc3, 0x14, 0x8b, 0x5e,
				  0x40, 0xac, 0xd9, 0x5a, 0x78, 0x7b } },
		  { 2912, // 787
			  { 0xe0, 0x31, 0x05, 0x7b, 0x48, 0x44, 0x2b, 0x45, 0xdc, 0xcc, 0xec, 0xd3, 0x26, 0xc8,
				  0xdc, 0x1e, 0x90, 0xb9, 0x9a, 0x05 } },
		  { 2915, // 788
			  { 0xe0, 0xe4, 0x79, 0x5f, 0x49, 0x2b, 0xa5, 0x85, 0xf3, 0xeb, 0xc6, 0x80, 0xca, 0x4c,
				  0x4e, 0x70, 0x65, 0xc2, 0xe9, 0x4b } },
		  { 2918, // 789
			  { 0xe0, 0xed, 0x51, 0x97, 0xda, 0x88, 0xe2, 0xda, 0x1b, 0xf0, 0x66, 0xd5, 0x8e, 0x21,
				  0x80, 0x8f, 0x04, 0x33, 0x90, 0x48 } },
		  { 2921, // 790
			  { 0xe1, 0x23, 0x0d, 0xa2, 0x3a, 0xaa, 0x39, 0xa8, 0x33, 0x3b, 0xc2, 0x50, 0xfc, 0x83,
				  0xec, 0xff, 0x64, 0x6c, 0xaa, 0xd0 } },
		  { 2924, // 791
			  { 0xe1, 0x27, 0xc1, 0x8f, 0x8c, 0x2b, 0x64, 0x80, 0xaa, 0xe4, 0xec, 0xe0, 0xd6, 0xe7,
				  0x84, 0x2c, 0x81, 0x8d, 0x8a, 0xc2 } },
		  { 2927, // 792
			  { 0xe1, 0x43, 0x57, 0x85, 0x80, 0xc2, 0xbf, 0x12, 0x18, 0x21, 0xaf, 0xa5, 0x11, 0x61,
				  0x7b, 0xd3, 0xec, 0xf4, 0xcd, 0x71 } },
		  { 2930, // 793
			  { 0xe1, 0x63, 0xaa, 0x7e, 0x03, 0x93, 0xe0, 0x1f, 0xee, 0x3a, 0x38, 0x94, 0xe6, 0x3d,
				  0x77, 0x74, 0xc1, 0x8f, 0xed, 0xef } },
		  { 2933, // 794
			  { 0xe1, 0xbe, 0x59, 0xde, 0xc6, 0x09, 0xd6, 0x77, 0xf6, 0xfc, 0x25, 0xd9, 0x8e, 0xfd,
				  0xac, 0xc6, 0xa2, 0xb7, 0x74, 0xf7 } },
		  { 2936, // 795
			  { 0xe1, 0xc5, 0x7d, 0x1a, 0xf0, 0xdb, 0xe4, 0xa3, 0x72, 0x21, 0x93, 0x1b, 0xec, 0xbb,
				  0xd1, 0xb5, 0xb6, 0x37, 0x91, 0xdc } },
		  { 2939, // 796
			  { 0xe1, 0xd8, 0xa7, 0x90, 0x40, 0x89, 0x5f, 0xf7, 0x6d, 0x72, 0xa3, 0xfa, 0xb0, 0x21,
				  0xb4, 0xb4, 0x5c, 0xa2, 0x6b, 0x6d } },
		  { 2942, // 797
			  { 0xe1, 0xe4, 0xa9, 0x66, 0x5d, 0x1d, 0xc4, 0xca, 0x0c, 0x2b, 0x50, 0xa6, 0x16, 0x79,
				  0x26, 0x9f, 0xb8, 0xaa, 0x92, 0xcb } },
		  { 2947, // 798
			  { 0xe2, 0x3d, 0xd7, 0x34, 0x72, 0x9c, 0x59, 0xa5, 0x56, 0x3a, 0xb2, 0x6b, 0x9e, 0xab,
				  0xbf, 0xb9, 0xfe, 0x79, 0xdb, 0x94 } },
		  { 2952, // 799
			  { 0xe2, 0x6a, 0x8a, 0x99, 0x1b, 0x4b, 0x9c, 0x51, 0x8c, 0xb0, 0x86, 0xf9, 0x24, 0xe8,
				  0xd2, 0x7b, 0x24, 0x22, 0xef, 0xee } },
		  { 2955, // 800
			  { 0xe2, 0x81, 0x03, 0xac, 0x09, 0xc3, 0xa7, 0x75, 0x43, 0xb2, 0xfe, 0x29, 0xa4, 0xdd,
				  0x86, 0x51, 0x3c, 0x01, 0x08, 0x28 } },
		  { 2958, // 801
			  { 0xe2, 0xf0, 0xfb, 0x04, 0x81, 0x61, 0xc4, 0x74, 0xc5, 0x9a, 0x30, 0x2a, 0xe0, 0xac,
				  0xc4, 0x5e, 0x0d, 0x8b, 0x28, 0x09 } },
		  { 2961, // 802
			  { 0xe2, 0xf6, 0x33, 0x7c, 0xae, 0xe9, 0x2e, 0x15, 0x56, 0x70, 0x0b, 0x8b, 0xcd, 0x23,
				  0x2d, 0xd7, 0x16, 0x17, 0x6f, 0xcb } },
		  { 2964, // 803
			  { 0xe3, 0x48, 0x42, 0x05, 0xbd, 0x80, 0xd4, 0x5d, 0x4f, 0xb0, 0x7c, 0xc9, 0x0b, 0xeb,
				  0xea, 0x6b, 0x79, 0xd1, 0xbd, 0xaa } },
		  { 2966, // 804
			  { 0xe3, 0x4e, 0xea, 0x45, 0xd6, 0xb5, 0xe6, 0x7d, 0x02, 0x64, 0x1f, 0x25, 0xad, 0x4e,
				  0x7e, 0x4c, 0xa3, 0xa3, 0x4d, 0xf1 } },
		  { 2969, // 805
			  { 0xe3, 0x84, 0x17, 0x19, 0xc5, 0x38, 0x4b, 0x71, 0xb6, 0xb6, 0x23, 0x36, 0x11, 0x21,
				  0x5b, 0xd8, 0x9a, 0x41, 0x72, 0x2d } },
		  { 2972, // 806
			  { 0xe4, 0x4e, 0x3c, 0x24, 0x4d, 0xce, 0x92, 0xee, 0x5d, 0x58, 0x6b, 0x09, 0x85, 0x6d,
				  0x00, 0x63, 0x1c, 0x2d, 0x2f, 0x4d } },
		  { 2975, // 807
			  { 0xe4, 0x5c, 0xe9, 0xc4, 0x3b, 0xf9, 0xf4, 0x08, 0x24, 0x26, 0x86, 0xbc, 0x8c, 0x8e,
				  0x7d, 0x33, 0xa9, 0x4d, 0x62, 0x5e } },
		  { 2978, // 808
			  { 0xe4, 0x8c, 0xc8, 0x6c, 0xca, 0xd0, 0x07, 0x11, 0x1e, 0x11, 0x66, 0x6d, 0x33, 0x50,
				  0x29, 0x64, 0x49, 0x27, 0x0d, 0x2f } },
		  { 2983, // 809
			  { 0xe4, 0xa9, 0x93, 0xef, 0x2c, 0x24, 0x60, 0x4e, 0xbc, 0x08, 0x91, 0x53, 0x19, 0x40,
				  0x07, 0xd0, 0x5f, 0x96, 0x26, 0xae } },
		  { 2986, // 810
			  { 0xe4, 0xd7, 0x76, 0xcf, 0xcf, 0x2c, 0x02, 0x9b, 0xe6, 0x51, 0xf8, 0x61, 0xc5, 0x42,
				  0x4a, 0xe9, 0xab, 0x9e, 0xab, 0x02 } },
		  { 2989, // 811
			  { 0xe4, 0xef, 0xee, 0x86, 0x53, 0x44, 0x89, 0x59, 0x11, 0xff, 0xd6, 0xef, 0xa1, 0x7e,
				  0x66, 0x80, 0x08, 0x18, 0x68, 0x1c } },
		  { 2992, // 812
			  { 0xe4, 0xf2, 0x91, 0xe2, 0x10, 0x35, 0xb5, 0xc3, 0xb8, 0x09, 0xfb, 0xc8, 0x37, 0xdd,
				  0x76, 0xcf, 0x30, 0xba, 0x21, 0xf7 } },
		  { 2995, // 813
			  { 0xe5, 0x66, 0x17, 0xd6, 0xc0, 0xfe, 0x6f, 0x5b, 0x3c, 0x79, 0xca, 0xe2, 0x92, 0x02,
				  0x31, 0x82, 0x71, 0x4a, 0x85, 0x5c } },
		  { 2998, // 814
			  { 0xe5, 0x7d, 0x30, 0x27, 0xe8, 0xef, 0xc6, 0xa4, 0x43, 0xfd, 0x6a, 0x81, 0x12, 0xc2,
				  0xdf, 0xfc, 0x79, 0x32, 0xf7, 0x2e } },
		  { 3000, // 815
			  { 0xe5, 0x99, 0xa9, 0x0a, 0xe6, 0x7f, 0x0e, 0x1f, 0x7f, 0x8a, 0xa7, 0x54, 0x65, 0xc7,
				  0x55, 0xcb, 0x95, 0x71, 0xe9, 0xc9 } },
		  { 3003, // 816
			  { 0xe5, 0xaa, 0x65, 0x1a, 0x58, 0x57, 0x55, 0xb6, 0x86, 0x68, 0x46, 0x36, 0xd3, 0x2d,
				  0xb0, 0x88, 0x87, 0xc6, 0x1c, 0x21 } },
		  { 3006, // 817
			  { 0xe7, 0x2d, 0x1e, 0x19, 0x88, 0x61, 0xb9, 0xac, 0xf5, 0x84, 0x5e, 0xee, 0xc2, 0xfa,
				  0xc6, 0x9f, 0x97, 0x65, 0x95, 0x68 } },
		  { 3009, // 818
			  { 0xe7, 0x9e, 0x8f, 0x0f, 0xcd, 0x3b, 0x5b, 0x04, 0xff, 0x62, 0x8e, 0xbc, 0x50, 0xdc,
				  0x54, 0x65, 0x46, 0xd6, 0x0c, 0xe6 } },
		  { 3012, // 819
			  { 0xe8, 0x00, 0x03, 0x87, 0x2b, 0xc0, 0x97, 0xcd, 0xd1, 0x48, 0xd5, 0x8d, 0xca, 0xf4,
				  0x84, 0xeb, 0xc9, 0x76, 0xbf, 0xd8 } },
		  { 3015, // 820
			  { 0xe8, 0x2f, 0x49, 0x77, 0xda, 0x47, 0x43, 0x24, 0x2d, 0x3d, 0x16, 0xae, 0x73, 0xb6,
				  0xd1, 0x27, 0xe1, 0x4d, 0xe0, 0x22 } },
		  { 3018, // 821
			  { 0xe8, 0x73, 0x87, 0x07, 0x87, 0x27, 0x62, 0x1d, 0xbb, 0xf7, 0xf6, 0x17, 0x01, 0x6c,
				  0x17, 0x09, 0x75, 0x0c, 0xb6, 0x82 } },
		  { 3021, // 822
			  { 0xe8, 0xd1, 0xd8, 0xef, 0x2d, 0x14, 0xf1, 0xcd, 0xe9, 0x8d, 0xfc, 0xa0, 0x0f, 0xad,
				  0xad, 0xdf, 0xb4, 0x0b, 0xa8, 0x9e } },
		  { 3025, // 823
			  { 0xe8, 0xdb, 0x6f, 0x04, 0xd8, 0x49, 0x40, 0x61, 0x63, 0x87, 0x2e, 0x77, 0x95, 0x2d,
				  0xe8, 0x4c, 0xee, 0x0e, 0x33, 0x27 } },
		  { 3028, // 824
			  { 0xe9, 0x1b, 0xee, 0x0e, 0xd4, 0xc3, 0x49, 0x19, 0x99, 0x37, 0xbb, 0xe8, 0x33, 0xbc,
				  0xd2, 0xb2, 0x07, 0x7d, 0x79, 0x83 } },
		  { 3031, // 825
			  { 0xe9, 0x2e, 0x94, 0xbb, 0x09, 0xeb, 0x61, 0x76, 0x46, 0xe7, 0xf5, 0x15, 0xb9, 0x3e,
				  0xf2, 0xdd, 0xe2, 0x67, 0xf5, 0x69 } },
		  { 3034, // 826
			  { 0xe9, 0x66, 0xc1, 0xed, 0x57, 0x7c, 0xf8, 0x4d, 0xda, 0x73, 0x3b, 0xe2, 0xc8, 0x35,
				  0xcd, 0x4c, 0x43, 0x90, 0x70, 0x34 } },
		  { 3037, // 827
			  { 0xe9, 0x69, 0xcb, 0x8e, 0x40, 0x4a, 0x60, 0x61, 0x2c, 0xa4, 0x30, 0x41, 0x00, 0x8f,
				  0x12, 0xc3, 0x4b, 0x2a, 0xb1, 0x4e } },
		  { 3040, // 828
			  { 0xea, 0x21, 0xa4, 0x8d, 0xe8, 0xe3, 0xa9, 0xe8, 0x90, 0xb2, 0x66, 0xe4, 0x46, 0xe3,
				  0x25, 0xf3, 0xd1, 0xf2, 0x7c, 0x0f } },
		  { 3043, // 829
			  { 0xeb, 0x55, 0xaf, 0x72, 0x17, 0xd8, 0xf9, 0x0f, 0xc9, 0xe9, 0x60, 0x93, 0x06, 0x8f,
				  0x6a, 0x31, 0x72, 0xbf, 0x94, 0xd6 } },
		  { 3045, // 830
			  { 0xec, 0x90, 0x47, 0xc9, 0xcc, 0xe7, 0x24, 0xa5, 0xbf, 0xac, 0x57, 0xfe, 0xc9, 0xe1,
				  0x09, 0x29, 0x85, 0xde, 0x51, 0xaa } },
		  { 3048, // 831
			  { 0xec, 0x95, 0xdf, 0xdb, 0x30, 0xf1, 0x23, 0xf5, 0xe8, 0xdd, 0x6b, 0x0e, 0x3d, 0x15,
				  0x10, 0x1a, 0x42, 0x17, 0xb6, 0xc2 } },
		  { 3051, // 832
			  { 0xec, 0xad, 0x5c, 0x0d, 0xf4, 0xd1, 0x62, 0x03, 0xd8, 0x8b, 0x4c, 0x65, 0xd5, 0x06,
				  0x28, 0xc7, 0x8f, 0x2b, 0x14, 0x40 } },
		  { 3054, // 833
			  { 0xec, 0xce, 0xe6, 0x39, 0x90, 0x2f, 0x90, 0x4c, 0x32, 0x8c, 0x7e, 0x64, 0x1f, 0x87,
				  0x77, 0x61, 0x18, 0x22, 0x71, 0x6d } },
		  { 3057, // 834
			  { 0xed, 0x07, 0xcd, 0x4d, 0x4e, 0x93, 0xe0, 0x8b, 0x89, 0x3e, 0xe0, 0xba, 0x9d, 0xf3,
				  0xbe, 0x92, 0x45, 0x5c, 0x6c, 0x88 } },
		  { 3060, // 835
			  { 0xed, 0x12, 0x88, 0xc5, 0xd6, 0xaf, 0xb0, 0xd4, 0xc9, 0xf2, 0x08, 0x1c, 0xe6, 0xc0,
				  0x59, 0xbf, 0xc6, 0xb1, 0x57, 0x34 } },
		  { 3063, // 836
			  { 0xed, 0x99, 0x31, 0xf7, 0xc1, 0xb7, 0x8e, 0xa4, 0xf9, 0xb4, 0x71, 0xdd, 0xd0, 0x02,
				  0x26, 0xbe, 0xbc, 0xfb, 0x07, 0xdf } },
		  { 3066, // 837
			  { 0xed, 0xb9, 0x52, 0xf8, 0xce, 0x55, 0x4f, 0xba, 0x8c, 0x04, 0x9e, 0x68, 0xbc, 0x15,
				  0x9e, 0x53, 0xf3, 0x61, 0x5c, 0x6e } },
		  { 3068, // 838
			  { 0xed, 0xd8, 0x89, 0x01, 0x5a, 0xc0, 0x06, 0x79, 0xa2, 0xfd, 0x7d, 0x2d, 0xa3, 0x17,
				  0xf4, 0x7a, 0x10, 0x46, 0xfb, 0x81 } },
		  { 3071, // 839
			  { 0xed, 0xde, 0x92, 0xb1, 0xd1, 0xb7, 0xea, 0x76, 0xf3, 0xf6, 0x41, 0xbf, 0xef, 0x9c,
				  0x56, 0xd2, 0x29, 0x45, 0x83, 0x5b } },
		  { 3074, // 840
			  { 0xed, 0xe3, 0x6e, 0x5f, 0x21, 0x7c, 0xb8, 0xdd, 0x83, 0x84, 0x01, 0x5f, 0x9b, 0xe3,
				  0x90, 0xd0, 0x94, 0x5b, 0xed, 0x43 } },
		  { 3077, // 841
			  { 0xee, 0xe5, 0xe8, 0xc5, 0x73, 0xa1, 0x01, 0x4c, 0x11, 0x7e, 0x98, 0x23, 0x27, 0x86,
				  0x94, 0xe6, 0x8b, 0x32, 0xb6, 0xe7 } },
		  { 3080, // 842
			  { 0xef, 0x1c, 0x80, 0x23, 0xba, 0x2b, 0xb9, 0xed, 0x81, 0x8a, 0x7e, 0xc5, 0xfb, 0xbd,
				  0x7d, 0x5e, 0x8c, 0x33, 0x7f, 0x63 } },
		  { 3086, // 843
			  { 0xef, 0x50, 0x09, 0x44, 0x92, 0xba, 0xd6, 0x0c, 0xf9, 0x93, 0xe0, 0x46, 0x25, 0xaa,
				  0x61, 0xec, 0x24, 0xf6, 0xfb, 0x37 } },
		  { 3089, // 844
			  { 0xef, 0xda, 0x6b, 0xc0, 0xce, 0x35, 0x1f, 0xa4, 0xb1, 0xdd, 0xcf, 0x34, 0x0a, 0xd2,
				  0x30, 0x13, 0x02, 0x1a, 0xfb, 0x0a } },
		  { 3092, // 845
			  { 0xf0, 0x22, 0xb5, 0x7f, 0x4c, 0xb3, 0xc9, 0x78, 0x29, 0x82, 0x82, 0xe1, 0xa3, 0x77,
				  0x05, 0x20, 0x4f, 0x33, 0xea, 0x97 } },
		  { 3095, // 846
			  { 0xf0, 0x52, 0x61, 0x16, 0x36, 0x14, 0x39, 0x3d, 0x8c, 0xca, 0x11, 0x4d, 0x84, 0x76,
				  0xc9, 0xd1, 0x55, 0xaf, 0x56, 0x98 } },
		  { 3098, // 847
			  { 0xf0, 0x76, 0x11, 0x9f, 0x33, 0x7b, 0x7b, 0xab, 0x17, 0x02, 0xb1, 0x49, 0x75, 0x98,
				  0x32, 0xbc, 0xca, 0x0c, 0xf5, 0xa1 } },
		  { 3101, // 848
			  { 0xf1, 0x75, 0x07, 0x89, 0x7e, 0x4c, 0x41, 0x5f, 0x11, 0xb0, 0x84, 0xbe, 0x88, 0x7c,
				  0x59, 0xf7, 0x07, 0x6c, 0x69, 0x01 } },
		  { 3108, // 849
			  { 0xf1, 0xb0, 0xe3, 0x9b, 0x7a, 0x6b, 0xc4, 0x7b, 0xfa, 0xf3, 0x9a, 0xc8, 0xce, 0x61,
				  0x73, 0xbe, 0xbf, 0x17, 0x69, 0x1c } },
		  { 3111, // 850
			  { 0xf1, 0xc4, 0xb9, 0x3a, 0x0d, 0xa0, 0x4e, 0x26, 0xc0, 0x21, 0x25, 0xeb, 0x77, 0x93,
				  0x60, 0x1c, 0x12, 0x72, 0x18, 0xe0 } },
		  { 3114, // 851
			  { 0xf2, 0x20, 0x76, 0x65, 0x7c, 0x75, 0x66, 0xa9, 0xbf, 0x08, 0x49, 0xee, 0x62, 0x12,
				  0x72, 0x98, 0x37, 0x69, 0x1e, 0x5d } },
		  { 3117, // 852
			  { 0xf2, 0x43, 0x54, 0x39, 0x0d, 0xd0, 0xb1, 0x74, 0x2f, 0xbe, 0x96, 0xd7, 0x1c, 0x2c,
				  0xf0, 0x62, 0xa8, 0xa4, 0xa0, 0x24 } },
		  { 3120, // 853
			  { 0xf2, 0x5e, 0x76, 0xda, 0xdb, 0x4c, 0xc5, 0xca, 0x38, 0xcf, 0x8a, 0x4d, 0x5d, 0x24,
				  0xf4, 0xef, 0x6a, 0x01, 0x30, 0x4f } },
		  { 3123, // 854
			  { 0xf2, 0x7f, 0xfe, 0xfb, 0xf6, 0xb8, 0xa8, 0xa7, 0x8a, 0xdb, 0x91, 0x30, 0x44, 0xbc,
				  0x2a, 0xf1, 0x5d, 0x15, 0x8c, 0xc4 } },
		  { 3129, // 855
			  { 0xf2, 0x9f, 0x53, 0xb5, 0x0a, 0xc1, 0xcf, 0xa6, 0x7d, 0xa0, 0xf3, 0x96, 0xb8, 0xa0,
				  0x6a, 0x17, 0x00, 0x2e, 0x06, 0x92 } },
		  { 3151, // 856
			  { 0xf2, 0xb3, 0xda, 0x4b, 0x27, 0x2a, 0x1a, 0xe8, 0x1b, 0x40, 0x66, 0xf0, 0x3a, 0x12,
				  0xea, 0x45, 0x11, 0xe5, 0x31, 0x30 } },
		  { 3154, // 857
			  { 0xf2, 0xc0, 0x3d, 0x62, 0xc7, 0xdc, 0x91, 0x03, 0xc2, 0x99, 0x92, 0x98, 0x71, 0xd3,
				  0x55, 0xde, 0x20, 0xe7, 0xd4, 0x09 } },
		  { 3157, // 858
			  { 0xf3, 0x07, 0x5d, 0x07, 0x17, 0x3d, 0x8d, 0x13, 0x83, 0x9d, 0x99, 0xac, 0x4e, 0x40,
				  0x7a, 0x6a, 0xaa, 0x83, 0xbc, 0x51 } },
		  { 3160, // 859
			  { 0xf3, 0x70, 0xf4, 0x04, 0x07, 0xf5, 0x29, 0x5c, 0xb7, 0x45, 0x6b, 0x7f, 0x99, 0x4c,
				  0xed, 0x1c, 0xfc, 0x08, 0x87, 0xd4 } },
		  { 3163, // 860
			  { 0xf3, 0x8c, 0xf2, 0xd2, 0x5e, 0x92, 0xeb, 0x65, 0xc6, 0xdd, 0x5e, 0xda, 0x4d, 0x6b,
				  0x24, 0xbe, 0xc3, 0xb4, 0x36, 0xf6 } },
		  { 3172, // 861
			  { 0xf4, 0x4e, 0xb9, 0x30, 0xa1, 0xa2, 0x39, 0xd8, 0xfa, 0x11, 0xa8, 0x59, 0x1b, 0xd4,
				  0xfe, 0x45, 0x5a, 0x09, 0x31, 0x5d } },
		  { 3175, // 862
			  { 0xf4, 0x85, 0xdb, 0x66, 0xa4, 0xa2, 0xfa, 0xd0, 0xef, 0xac, 0xec, 0xb7, 0x05, 0x55,
				  0xe9, 0x89, 0xab, 0x24, 0xc0, 0xfd } },
		  { 3178, // 863
			  { 0xf4, 0xf8, 0x0a, 0x95, 0xdc, 0x80, 0x66, 0xa5, 0x1b, 0x36, 0x68, 0x88, 0x21, 0x8f,
				  0x3e, 0x78, 0x25, 0xe5, 0xb1, 0x08 } },
		  { 3180, // 864
			  { 0xf5, 0x81, 0x7b, 0x09, 0x3a, 0x24, 0xf8, 0x2f, 0x33, 0x91, 0x4b, 0x1f, 0xa9, 0x19,
				  0x03, 0x3f, 0xbb, 0x0e, 0x7e, 0xca } },
		  { 3184, // 865
			  { 0xf5, 0x86, 0x83, 0x1f, 0x85, 0x05, 0x54, 0x9b, 0x20, 0xd5, 0xb0, 0x20, 0x94, 0x13,
				  0xe8, 0x1e, 0xa8, 0x42, 0xf4, 0x58 } },
		  { 3187, // 866
			  { 0xf5, 0x88, 0xa1, 0x97, 0x36, 0xad, 0x65, 0xaf, 0x6a, 0x18, 0xf0, 0x5b, 0x24, 0xac,
				  0x2a, 0x05, 0x8a, 0x77, 0xed, 0xcc } },
		  { 3190, // 867
			  { 0xf5, 0x89, 0x90, 0x82, 0x56, 0x0b, 0xc1, 0xf7, 0xb6, 0x7d, 0x4b, 0xeb, 0xf1, 0x82,
				  0x0b, 0xf1, 0x95, 0x7f, 0x80, 0xa6 } },
		  { 3193, // 868
			  { 0xf5, 0xa9, 0xf0, 0xc6, 0x76, 0x22, 0x39, 0x3b, 0x51, 0x22, 0x40, 0x92, 0x74, 0xe2,
				  0x22, 0x56, 0x27, 0x10, 0x5b, 0xc5 } },
		  { 3196, // 869
			  { 0xf5, 0xed, 0x71, 0x73, 0x1e, 0x51, 0xf0, 0xf9, 0x16, 0x96, 0xac, 0x8f, 0xc9, 0xbd,
				  0x6c, 0xf8, 0x9f, 0xef, 0x86, 0x54 } },
		  { 3199, // 870
			  { 0xf6, 0x40, 0x62, 0x2c, 0x79, 0x2b, 0x12, 0xc6, 0xe2, 0x80, 0x52, 0x43, 0x7e, 0x44,
				  0xd5, 0x66, 0x98, 0x50, 0x66, 0x6d } },
		  { 3202, // 871
			  { 0xf6, 0x4f, 0x2a, 0x1d, 0x86, 0xf7, 0xf6, 0x3a, 0x8f, 0x37, 0x6f, 0x76, 0x7a, 0xce,
				  0x68, 0x71, 0x0e, 0x38, 0xe3, 0x6b } },
		  { 3205, // 872
			  { 0xf6, 0x59, 0x4b, 0xce, 0xe7, 0x74, 0x32, 0x3e, 0xc8, 0x79, 0x92, 0x97, 0x45, 0x3c,
				  0xed, 0x79, 0xba, 0x57, 0xa6, 0xe5 } },
		  { 3208, // 873
			  { 0xf6, 0xc4, 0x86, 0x4f, 0xb7, 0x49, 0x09, 0xc4, 0x57, 0x9c, 0x2b, 0xc8, 0xff, 0x43,
				  0x50, 0xd6, 0x4c, 0x50, 0xdb, 0x2f } },
		  { 3211, // 874
			  { 0xf6, 0xd7, 0xea, 0x61, 0xb7, 0x50, 0xb0, 0x58, 0xdd, 0xa0, 0xf9, 0x29, 0x96, 0x27,
				  0x04, 0x8c, 0x29, 0xba, 0xfa, 0x5d } },
		  { 3214, // 875
			  { 0xf6, 0xe7, 0xe0, 0x36, 0xe3, 0x8c, 0x6e, 0x86, 0x43, 0x7d, 0x4c, 0x0a, 0x47, 0xf6,
				  0xea, 0x79, 0xab, 0x12, 0xfd, 0xaf } },
		  { 3217, // 876
			  { 0xf7, 0x25, 0x77, 0x53, 0x3b, 0x4d, 0xda, 0x10, 0xe1, 0xf5, 0x1f, 0x25, 0x0d, 0x92,
				  0xdc, 0xf0, 0x0b, 0x54, 0xed, 0x12 } },
		  { 3220, // 877
			  { 0xf7, 0x48, 0x91, 0xa2, 0xa5, 0x45, 0xb8, 0x7c, 0xb1, 0xbc, 0x09, 0xed, 0xf0, 0xb6,
				  0x17, 0x17, 0xd8, 0x4f, 0x44, 0x10 } },
		  { 3223, // 878
			  { 0xf7, 0x92, 0x3b, 0x4a, 0xba, 0x82, 0xe9, 0xbb, 0xfe, 0x6f, 0x5a, 0xe9, 0x4e, 0x17,
				  0x1b, 0x74, 0xa3, 0x4b, 0x6a, 0xb7 } },
		  { 3226, // 879
			  { 0xf7, 0x94, 0x74, 0xdd, 0x66, 0x1d, 0x46, 0x74, 0x46, 0x81, 0x0d, 0xa8, 0xa9, 0xa8,
				  0x7a, 0x15, 0x6c, 0xf6, 0x60, 0xd7 } },
		  { 3229, // 880
			  { 0xf7, 0x96, 0x46, 0xf2, 0x33, 0xc3, 0x0f, 0x84, 0x80, 0xbb, 0x15, 0x5a, 0xd3, 0xa7,
				  0x7f, 0xce, 0xfb, 0xe0, 0xa7, 0x9f } },
		  { 3232, // 881
			  { 0xf8, 0x22, 0xd4, 0xc1, 0x6c, 0xdb, 0x8e, 0x1d, 0xd8, 0x3a, 0x36, 0xdd, 0xdf, 0xdf,
				  0xf1, 0xa0, 0x58, 0x9f, 0xd0, 0x0c } },
		  { 3239, // 882
			  { 0xf8, 0x39, 0x9b, 0x7a, 0x71, 0xed, 0x66, 0x03, 0x77, 0x37, 0x4a, 0x91, 0x70, 0x9d,
				  0x52, 0xf6, 0x7f, 0x9a, 0x20, 0x4c } },
		  { 3242, // 883
			  { 0xf8, 0x7d, 0xdc, 0x35, 0x94, 0x30, 0x49, 0xfe, 0xfe, 0xaf, 0x79, 0x9c, 0x9b, 0xde,
				  0x55, 0xd9, 0xee, 0xe8, 0xcf, 0x26 } },
		  { 3248, // 884
			  { 0xf8, 0x9e, 0xd9, 0xa9, 0x0f, 0xfa, 0x6b, 0x67, 0x8c, 0xda, 0xf4, 0x53, 0x53, 0x57,
				  0x8f, 0x0e, 0x91, 0x5d, 0x1d, 0x32 } },
		  { 3251, // 885
			  { 0xf8, 0xbb, 0x50, 0x26, 0x6a, 0xdb, 0x29, 0xc0, 0x4d, 0xcd, 0x1b, 0x72, 0xaf, 0x0f,
				  0x17, 0x8f, 0x57, 0xef, 0xe6, 0x14 } },
		  { 3255, // 886
			  { 0xf8, 0xf9, 0xea, 0x1c, 0xf3, 0x18, 0xbd, 0xd6, 0xbb, 0xe6, 0x92, 0x4e, 0x13, 0x9c,
				  0x43, 0x0b, 0xe2, 0x4e, 0x77, 0x19 } },
		  { 3257, // 887
			  { 0xf9, 0x40, 0xce, 0x1f, 0x66, 0xb6, 0x7c, 0x49, 0xfa, 0x5c, 0x79, 0x04, 0xc5, 0x7a,
				  0x4a, 0x33, 0x46, 0x91, 0x4c, 0x48 } },
		  { 3260, // 888
			  { 0xf9, 0xb9, 0x1b, 0xe5, 0xe5, 0x39, 0x2f, 0x5d, 0xe8, 0x82, 0xfa, 0xbe, 0x63, 0x20,
				  0x2e, 0x36, 0x66, 0x71, 0x4a, 0x74 } },
		  { 3263, // 889
			  { 0xf9, 0xc3, 0x74, 0x07, 0x13, 0xf6, 0xb5, 0x87, 0x0e, 0x6c, 0x47, 0x44, 0x2b, 0xcc,
				  0xb7, 0x65, 0x92, 0xcf, 0x40, 0x59 } },
		  { 3266, // 890
			  { 0xf9, 0xc4, 0x10, 0x41, 0xdc, 0xa4, 0xa2, 0xc4, 0x44, 0xad, 0x3b, 0xb1, 0x65, 0x9e,
				  0x32, 0x88, 0xf2, 0xeb, 0x2f, 0x95 } },
		  { 3269, // 891
			  { 0xf9, 0xfb, 0xbb, 0xd2, 0x85, 0x84, 0xf9, 0xa7, 0xfa, 0x1b, 0x3d, 0xbd, 0x05, 0x65,
				  0x20, 0x43, 0x76, 0x30, 0x88, 0x11 } },
		  { 3272, // 892
			  { 0xfa, 0x6a, 0x80, 0xc8, 0x24, 0x7d, 0xd6, 0x79, 0x06, 0x0e, 0x1a, 0x30, 0xc8, 0x85,
				  0xbf, 0x4f, 0xc3, 0x3d, 0xc7, 0x5a } },
		  { 3275, // 893
			  { 0xfa, 0x71, 0x27, 0x56, 0x9d, 0x5e, 0x52, 0x52, 0xbb, 0x20, 0x4b, 0x61, 0x8b, 0xd7,
				  0xe6, 0x1f, 0x4f, 0xfa, 0x76, 0xd1 } },
		  { 3280, // 894
			  { 0xfa, 0xa5, 0x54, 0x27, 0x69, 0x5b, 0x65, 0x1e, 0x92, 0x87, 0x87, 0xa2, 0x84, 0x41,
				  0xdc, 0x6e, 0x1a, 0x6e, 0x79, 0xd7 } },
		  { 3283, // 895
			  { 0xfa, 0xcd, 0xfa, 0x60, 0xdb, 0x5f, 0x44, 0xc8, 0x08, 0x1e, 0xca, 0x4f, 0xf3, 0x76,
				  0x66, 0xe7, 0x75, 0x40, 0x1e, 0xd1 } },
		  { 3286, // 896
			  { 0xfb, 0x0d, 0x6b, 0xff, 0xb5, 0x06, 0xb9, 0xc2, 0x92, 0x11, 0xcd, 0xd6, 0x9c, 0x93,
				  0xfe, 0x6f, 0x29, 0xe9, 0x79, 0xcf } },
		  { 3289, // 897
			  { 0xfb, 0x58, 0x0d, 0x51, 0x6e, 0xfa, 0x69, 0x7d, 0x71, 0x29, 0x5c, 0x3b, 0x66, 0x6c,
				  0x1f, 0x5d, 0xb8, 0x1e, 0xef, 0x05 } },
		  { 3292, // 898
			  { 0xfb, 0xd8, 0x82, 0x48, 0xa1, 0xc9, 0x69, 0x0e, 0x87, 0xbd, 0x8b, 0xa1, 0x8b, 0x99,
				  0x56, 0xfd, 0xe0, 0xee, 0x4b, 0x03 } },
		  { 3295, // 899
			  { 0xfc, 0x90, 0x60, 0x29, 0xdf, 0x54, 0xde, 0x30, 0xd4, 0xf6, 0x35, 0xd8, 0x2d, 0xbc,
				  0x40, 0x8a, 0xfd, 0xdc, 0x96, 0xcd } },
		  { 3298, // 900
			  { 0xfc, 0xa7, 0xff, 0xdd, 0xa7, 0x38, 0x30, 0x73, 0xce, 0x91, 0x1d, 0x23, 0xa1, 0x04,
				  0x60, 0x29, 0xe3, 0xd0, 0x1b, 0x22 } },
		  { 3300, // 901
			  { 0xfc, 0xd9, 0x32, 0xbe, 0x2b, 0xd2, 0x1a, 0x3a, 0xc0, 0x41, 0xfc, 0x46, 0xa4, 0x3d,
				  0xcc, 0x99, 0xf4, 0xbc, 0x30, 0x41 } },
		  { 3306, // 902
			  { 0xfc, 0xea, 0xb4, 0x09, 0xa5, 0x92, 0x0a, 0xf8, 0xb7, 0x0e, 0xc6, 0xb1, 0x9b, 0xf6,
				  0xf2, 0x1e, 0xb7, 0x2b, 0x13, 0x90 } },
		  { 3309, // 903
			  { 0xfd, 0x19, 0x66, 0x1b, 0xfc, 0x3b, 0x22, 0x90, 0xaf, 0xf1, 0x01, 0x44, 0xb8, 0xc8,
				  0x24, 0x4f, 0x4d, 0x66, 0xf0, 0xee } },
		  { 3312, // 904
			  { 0xfd, 0x1a, 0x63, 0xbd, 0xd5, 0x10, 0x79, 0x7f, 0x72, 0x97, 0xb2, 0x2e, 0xbb, 0x23,
				  0xe0, 0xd8, 0x99, 0x75, 0x62, 0x82 } },
		  { 3315, // 905
			  { 0xfd, 0x1b, 0x98, 0xf1, 0x5c, 0x80, 0x38, 0x16, 0x8c, 0x5c, 0x05, 0x23, 0xfa, 0x31,
				  0x19, 0x62, 0xcb, 0xd0, 0x87, 0x53 } },
		  { 3318, // 906
			  { 0xfd, 0x20, 0x0d, 0xab, 0x62, 0xd2, 0x99, 0x31, 0xc5, 0xfe, 0xde, 0xb1, 0xa0, 0x45,
				  0x71, 0x4f, 0x71, 0x5f, 0xe9, 0x9b } },
		  { 3321, // 907
			  { 0xfd, 0x56, 0x31, 0x5b, 0xdb, 0x75, 0xfb, 0xca, 0xf5, 0xaa, 0x40, 0x69, 0x44, 0x32,
				  0xa5, 0xdf, 0x87, 0xfe, 0xa9, 0x4b } },
		  { 3324, // 908
			  { 0xfd, 0x9f, 0xbe, 0xc2, 0xa0, 0x0c, 0x1d, 0x56, 0x67, 0xb0, 0x68, 0x0e, 0xb3, 0x7a,
				  0xc5, 0x2e, 0x4a, 0xc9, 0x20, 0xef } },
		  { 3329, // 909
			  { 0xfd, 0xb3, 0x45, 0x34, 0xb8, 0x60, 0x8a, 0x9d, 0x64, 0xd9, 0x22, 0xcd, 0xc2, 0x77,
				  0xe9, 0x73, 0xab, 0x33, 0xdb, 0x99 } },
		  { 3332, // 910
			  { 0xfd, 0xbe, 0x57, 0xa5, 0x0d, 0x17, 0x2b, 0x5a, 0x68, 0x9b, 0xba, 0x36, 0x87, 0xec,
				  0x7e, 0x84, 0xa9, 0x62, 0x5d, 0x27 } },
		  { 3335, // 911
			  { 0xfd, 0xcf, 0x17, 0x5c, 0x9a, 0x38, 0xa9, 0xd4, 0xb8, 0x63, 0x22, 0x5a, 0x59, 0xbb,
				  0x68, 0xc7, 0x43, 0x14, 0x45, 0x31 } },
		  { 3338, // 912
			  { 0xfd, 0xd0, 0x04, 0x7a, 0xa4, 0x48, 0x54, 0x01, 0xf5, 0xd5, 0xca, 0x2f, 0x1a, 0xdf,
				  0xf3, 0x58, 0x52, 0x3e, 0x24, 0x42 } },
		  { 3341, // 913
			  { 0xfe, 0x1c, 0x63, 0x08, 0x8f, 0xe8, 0xd2, 0x5d, 0x60, 0xc3, 0x4c, 0x97, 0x40, 0x33,
				  0x59, 0x03, 0xc7, 0x5f, 0x1d, 0xc5 } },
		  { 3344, // 914
			  { 0xfe, 0x36, 0xb8, 0x3f, 0x6d, 0xc0, 0x63, 0x61, 0xbc, 0x7e, 0xbe, 0x6d, 0x28, 0x02,
				  0x77, 0x38, 0x94, 0x94, 0xa7, 0xa3 } },
		  { 3347, // 915
			  { 0xfe, 0x68, 0xd1, 0x7e, 0x65, 0xbb, 0x67, 0x40, 0x23, 0x83, 0x0d, 0x66, 0x69, 0xc1,
				  0xd5, 0x54, 0x61, 0xea, 0xf9, 0xb4 } },
		  { 3350, // 916
			  { 0xfe, 0xd6, 0xad, 0x1f, 0xf5, 0x61, 0xfb, 0xf1, 0xab, 0x1a, 0xe0, 0x4b, 0x98, 0x38,
				  0x13, 0xa8, 0x6d, 0x02, 0xf6, 0x6c } },
		  { 3353, // 917
			  { 0xff, 0x81, 0x4d, 0x15, 0xa7, 0x7f, 0x0e, 0x5a, 0x53, 0x39, 0x95, 0x52, 0x70, 0x7c,
				  0x51, 0x2a, 0x22, 0xef, 0xf0, 0xb0 } },
		  { 3356, // 918
			  { 0xff, 0x91, 0xc6, 0x62, 0x7f, 0xe0, 0xa8, 0xc6, 0x0c, 0x4e, 0x7a, 0x76, 0x4e, 0x03,
				  0x59, 0x38, 0xb8, 0x68, 0xf9, 0x40 } },
		  { 3359, // 919
			  { 0xff, 0xf7, 0xea, 0x41, 0x70, 0x7b, 0xf6, 0x3f, 0x4d, 0xbf, 0xd4, 0x56, 0x2d, 0xef,
				  0x75, 0x39, 0x4a, 0x81, 0x51, 0x3f } },

		  { -1, "" } };

//
//--------------------------------------------------

const s16 DbFileRefSHA1[N_DB_FILE_REF_SHA1 + 1] = {

	//    0,   0, N=2+1
	1283, 1308, -1,

	//    3,   1, N=7+1
	256, 282, 1568, 1591, 1636, 1658, 2407, -1,

	//   11,   2, N=2+1
	242, 268, -1,

	//   14,   3, N=1+1
	480, -1,

	//   16,   4, N=2+1
	1855, 1886, -1,

	//   19,   5, N=2+1
	410, 432, -1,

	//   22,   6, N=2+1
	1503, 1528, -1,

	//   25,   7, N=2+1
	1502, 1527, -1,

	//   28,   8, N=2+1
	674, 751, -1,

	//   31,   9, N=2+1
	1467, 1488, -1,

	//   34,  10, N=2+1
	1229, 1259, -1,

	//   37,  11, N=4+1
	1565, 1588, 2279, 2292, -1,

	//   42,  12, N=2+1
	1781, 1821, -1,

	//   45,  13, N=2+1
	1234, 1264, -1,

	//   48,  14, N=2+1
	68, 94, -1,

	//   51,  15, N=2+1
	127, 151, -1,

	//   54,  16, N=2+1
	1603, 1615, -1,

	//   57,  17, N=2+1
	1270, 1295, -1,

	//   60,  18, N=2+1
	2302, 2325, -1,

	//   63,  19, N=2+1
	882, 907, -1,

	//   66,  20, N=2+1
	675, 752, -1,

	//   69,  21, N=2+1
	688, 765, -1,

	//   72,  22, N=2+1
	266, 2178, -1,

	//   75,  23, N=4+1
	655, 732, 1411, 1436, -1,

	//   80,  24, N=2+1
	1147, 1161, -1,

	//   83,  25, N=2+1
	1271, 1296, -1,

	//   86,  26, N=2+1
	819, 857, -1,

	//   89,  27, N=2+1
	1850, 1881, -1,

	//   92,  28, N=2+1
	76, 102, -1,

	//   95,  29, N=5+1
	187, 228, 1338, 1366, 2399, -1,

	//  101,  30, N=4+1
	448, 481, 511, 548, -1,

	//  106,  31, N=2+1
	829, 867, -1,

	//  109,  32, N=4+1
	234, 260, 2144, 2172, -1,

	//  114,  33, N=2+1
	155, 196, -1,

	//  117,  34, N=2+1
	1386, 1404, -1,

	//  120,  35, N=3+1
	112, 136, 2389, -1,

	//  124,  36, N=2+1
	1571, 1594, -1,

	//  127,  37, N=2+1
	1150, 1164, -1,

	//  130,  38, N=2+1
	2075, 2090, -1,

	//  133,  39, N=2+1
	2046, 2057, -1,

	//  136,  40, N=2+1
	1952, 1971, -1,

	//  139,  41, N=1+1
	2363, -1,

	//  141,  42, N=2+1
	1940, 1959, -1,

	//  144,  43, N=2+1
	346, 376, -1,

	//  147,  44, N=2+1
	1410, 1435, -1,

	//  150,  45, N=2+1
	509, 546, -1,

	//  153,  46, N=2+1
	1572, 1595, -1,

	//  156,  47, N=2+1
	2299, 2322, -1,

	//  159,  48, N=2+1
	1521, 1546, -1,

	//  162,  49, N=2+1
	1317, 1345, -1,

	//  165,  50, N=2+1
	1665, 1690, -1,

	//  168,  51, N=2+1
	2304, 2327, -1,

	//  171,  52, N=1+1
	2205, -1,

	//  173,  53, N=2+1
	2272, 2285, -1,

	//  176,  54, N=2+1
	1784, 1824, -1,

	//  179,  55, N=2+1
	678, 755, -1,

	//  182,  56, N=4+1
	258, 284, 1686, 1711, -1,

	//  187,  57, N=2+1
	666, 743, -1,

	//  190,  58, N=2+1
	895, 920, -1,

	//  193,  59, N=4+1
	12, 38, 2237, 2258, -1,

	//  198,  60, N=2+1
	1670, 1695, -1,

	//  201,  61, N=2+1
	1115, 1131, -1,

	//  204,  62, N=12+1
	1127, 1143, 1187, 1203, 1233, 1263, 1607, 1619, 1638, 1660, 2074, 2089, -1,

	//  217,  63, N=2+1
	1685, 1710, -1,

	//  220,  64, N=2+1
	2151, 2179, -1,

	//  223,  65, N=2+1
	1669, 1694, -1,

	//  226,  66, N=2+1
	1417, 1442, -1,

	//  229,  67, N=2+1
	1458, 1479, -1,

	//  232,  68, N=2+1
	1500, 1525, -1,

	//  235,  69, N=2+1
	1596, 1608, -1,

	//  238,  70, N=2+1
	290, 316, -1,

	//  241,  71, N=2+1
	1791, 1831, -1,

	//  244,  72, N=2+1
	1773, 1813, -1,

	//  247,  73, N=2+1
	1501, 1526, -1,

	//  250,  74, N=5+1
	6, 32, 1599, 1611, 2403, -1,

	//  256,  75, N=2+1
	525, 562, -1,

	//  259,  76, N=2+1
	699, 776, -1,

	//  262,  77, N=2+1
	950, 988, -1,

	//  265,  78, N=2+1
	906, 931, -1,

	//  268,  79, N=2+1
	1460, 1481, -1,

	//  271,  80, N=2+1
	109, 133, -1,

	//  274,  81, N=2+1
	1081, 1113, -1,

	//  277,  82, N=3+1
	1951, 1970, 2409, -1,

	//  281,  83, N=2+1
	684, 761, -1,

	//  284,  84, N=2+1
	1780, 1820, -1,

	//  287,  85, N=2+1
	257, 283, -1,

	//  290,  86, N=2+1
	2368, 2372, -1,

	//  293,  87, N=2+1
	604, 639, -1,

	//  296,  88, N=2+1
	664, 741, -1,

	//  299,  89, N=11+1
	114, 138, 244, 270, 517, 554, 1554, 1577, 2271, 2284, 2400, -1,

	//  311,  90, N=2+1
	597, 632, -1,

	//  314,  91, N=2+1
	2149, 2177, -1,

	//  317,  92, N=2+1
	596, 631, -1,

	//  320,  93, N=2+1
	121, 145, -1,

	//  323,  94, N=2+1
	1388, 1406, -1,

	//  326,  95, N=2+1
	1122, 1138, -1,

	//  329,  96, N=2+1
	309, 335, -1,

	//  332,  97, N=2+1
	340, 370, -1,

	//  335,  98, N=2+1
	816, 854, -1,

	//  338,  99, N=2+1
	1176, 1192, -1,

	//  341, 100, N=2+1
	1919, 1936, -1,

	//  344, 101, N=2+1
	892, 917, -1,

	//  347, 102, N=1+1
	2416, -1,

	//  349, 103, N=2+1
	1767, 1807, -1,

	//  352, 104, N=8+1
	1289, 1314, 1476, 1497, 2102, 2113, 2126, 2141, -1,

	//  361, 105, N=2+1
	539, 576, -1,

	//  364, 106, N=2+1
	160, 201, -1,

	//  367, 107, N=1+1
	2382, -1,

	//  369, 108, N=2+1
	1765, 1805, -1,

	//  372, 109, N=2+1
	156, 197, -1,

	//  375, 110, N=2+1
	543, 580, -1,

	//  378, 111, N=2+1
	2341, 2352, -1,

	//  381, 112, N=4+1
	0, 26, 2226, 2247, -1,

	//  386, 113, N=2+1
	409, 431, -1,

	//  389, 114, N=2+1
	937, 975, -1,

	//  392, 115, N=2+1
	1621, 1643, -1,

	//  395, 116, N=2+1
	1339, 1367, -1,

	//  398, 117, N=2+1
	1341, 1369, -1,

	//  401, 118, N=2+1
	518, 555, -1,

	//  404, 119, N=2+1
	1552, 1575, -1,

	//  407, 120, N=2+1
	1941, 1960, -1,

	//  410, 121, N=2+1
	456, 489, -1,

	//  413, 122, N=2+1
	1943, 1962, -1,

	//  416, 123, N=2+1
	1714, 1739, -1,

	//  419, 124, N=2+1
	400, 422, -1,

	//  422, 125, N=2+1
	1737, 1762, -1,

	//  425, 126, N=2+1
	159, 200, -1,

	//  428, 127, N=2+1
	599, 634, -1,

	//  431, 128, N=3+1
	594, 629, 2414, -1,

	//  435, 129, N=2+1
	1478, 1499, -1,

	//  438, 130, N=2+1
	1020, 1041, -1,

	//  441, 131, N=7+1
	250, 276, 1562, 1585, 1630, 1652, 2410, -1,

	//  449, 132, N=2+1
	348, 378, -1,

	//  452, 133, N=2+1
	2201, 2214, -1,

	//  455, 134, N=2+1
	932, 970, -1,

	//  458, 135, N=2+1
	417, 439, -1,

	//  461, 136, N=2+1
	1027, 1048, -1,

	//  464, 137, N=2+1
	1555, 1578, -1,

	//  467, 138, N=2+1
	1992, 2012, -1,

	//  470, 139, N=2+1
	56, 82, -1,

	//  473, 140, N=2+1
	1224, 1254, -1,

	//  476, 141, N=2+1
	287, 313, -1,

	//  479, 142, N=2+1
	1408, 1433, -1,

	//  482, 143, N=2+1
	1064, 1096, -1,

	//  485, 144, N=9+1
	936, 974, 1462, 1483, 1717, 1742, 1982, 2002, 2425, -1,

	//  495, 145, N=2+1
	74, 100, -1,

	//  498, 146, N=4+1
	533, 535, 570, 572, -1,

	//  503, 147, N=2+1
	4, 30, -1,

	//  506, 148, N=9+1
	951, 989, 1469, 1490, 1724, 1749, 1990, 2010, 2423, -1,

	//  516, 149, N=2+1
	1155, 1169, -1,

	//  519, 150, N=2+1
	2203, 2216, -1,

	//  522, 151, N=7+1
	255, 281, 1567, 1590, 1635, 1657, 2408, -1,

	//  530, 152, N=3+1
	1668, 1693, 2436, -1,

	//  534, 153, N=2+1
	157, 198, -1,

	//  537, 154, N=2+1
	454, 487, -1,

	//  540, 155, N=2+1
	1154, 1168, -1,

	//  543, 156, N=2+1
	905, 930, -1,

	//  546, 157, N=2+1
	941, 979, -1,

	//  549, 158, N=2+1
	1013, 1034, -1,

	//  552, 159, N=2+1
	471, 504, -1,

	//  555, 160, N=1+1
	162, -1,

	//  557, 161, N=2+1
	2303, 2326, -1,

	//  560, 162, N=2+1
	1515, 1540, -1,

	//  563, 163, N=2+1
	1178, 1194, -1,

	//  566, 164, N=2+1
	2347, 2358, -1,

	//  569, 165, N=2+1
	366, 396, -1,

	//  572, 166, N=2+1
	64, 90, -1,

	//  575, 167, N=2+1
	1333, 1361, -1,

	//  578, 168, N=2+1
	696, 773, -1,

	//  581, 169, N=2+1
	1984, 2004, -1,

	//  584, 170, N=2+1
	1955, 1974, -1,

	//  587, 171, N=4+1
	710, 787, 1419, 1444, -1,

	//  592, 172, N=2+1
	1114, 1130, -1,

	//  595, 173, N=2+1
	1569, 1592, -1,

	//  598, 174, N=4+1
	412, 434, 612, 647, -1,

	//  603, 175, N=2+1
	1979, 1999, -1,

	//  606, 176, N=2+1
	246, 272, -1,

	//  609, 177, N=2+1
	299, 325, -1,

	//  612, 178, N=2+1
	707, 784, -1,

	//  615, 179, N=2+1
	1208, 1238, -1,

	//  618, 180, N=2+1
	815, 853, -1,

	//  621, 181, N=2+1
	1182, 1198, -1,

	//  624, 182, N=2+1
	1431, 1456, -1,

	//  627, 183, N=1+1
	654, -1,

	//  629, 184, N=3+1
	113, 137, 2395, -1,

	//  633, 185, N=8+1
	717, 794, 837, 875, 964, 1002, 1519, 1544, -1,

	//  642, 186, N=4+1
	1021, 1042, 2313, 2336, -1,

	//  647, 187, N=2+1
	184, 225, -1,

	//  650, 188, N=4+1
	898, 923, 2426, 2428, -1,

	//  655, 189, N=2+1
	1787, 1827, -1,

	//  658, 190, N=2+1
	660, 737, -1,

	//  661, 191, N=2+1
	293, 319, -1,

	//  664, 192, N=2+1
	353, 383, -1,

	//  667, 193, N=2+1
	1731, 1756, -1,

	//  670, 194, N=2+1
	69, 95, -1,

	//  673, 195, N=2+1
	519, 556, -1,

	//  676, 196, N=2+1
	171, 212, -1,

	//  679, 197, N=2+1
	161, 202, -1,

	//  682, 198, N=2+1
	1504, 1529, -1,

	//  685, 199, N=2+1
	1377, 1395, -1,

	//  688, 200, N=2+1
	1867, 1898, -1,

	//  691, 201, N=2+1
	598, 633, -1,

	//  694, 202, N=2+1
	2206, 2219, -1,

	//  697, 203, N=2+1
	508, 545, -1,

	//  700, 204, N=2+1
	406, 428, -1,

	//  703, 205, N=6+1
	450, 483, 1507, 1532, 2154, 2182, -1,

	//  710, 206, N=2+1
	1666, 1691, -1,

	//  713, 207, N=2+1
	1908, 1925, -1,

	//  716, 208, N=2+1
	1266, 1291, -1,

	//  719, 209, N=2+1
	2229, 2250, -1,

	//  722, 210, N=2+1
	1316, 1344, -1,

	//  725, 211, N=4+1
	1129, 1145, 1688, 1713, -1,

	//  730, 212, N=2+1
	685, 762, -1,

	//  733, 213, N=2+1
	1671, 1696, -1,

	//  736, 214, N=2+1
	291, 317, -1,

	//  739, 215, N=2+1
	58, 84, -1,

	//  742, 216, N=2+1
	350, 380, -1,

	//  745, 217, N=2+1
	1799, 1839, -1,

	//  748, 218, N=2+1
	807, 845, -1,

	//  751, 219, N=2+1
	1409, 1434, -1,

	//  754, 220, N=2+1
	286, 312, -1,

	//  757, 221, N=2+1
	811, 849, -1,

	//  760, 222, N=2+1
	2064, 2079, -1,

	//  763, 223, N=2+1
	585, 620, -1,

	//  766, 224, N=2+1
	2050, 2061, -1,

	//  769, 225, N=2+1
	967, 1005, -1,

	//  772, 226, N=4+1
	249, 275, 2159, 2187, -1,

	//  777, 227, N=2+1
	1146, 1160, -1,

	//  780, 228, N=2+1
	661, 738, -1,

	//  783, 229, N=2+1
	359, 389, -1,

	//  786, 230, N=2+1
	1158, 1172, -1,

	//  789, 231, N=2+1
	669, 746, -1,

	//  792, 232, N=8+1
	716, 793, 836, 874, 963, 1001, 1518, 1543, -1,

	//  801, 233, N=2+1
	472, 505, -1,

	//  804, 234, N=1+1
	2441, -1,

	//  806, 235, N=2+1
	1185, 1201, -1,

	//  809, 236, N=2+1
	1944, 1963, -1,

	//  812, 237, N=2+1
	2045, 2056, -1,

	//  815, 238, N=4+1
	71, 97, 1632, 1654, -1,

	//  820, 239, N=2+1
	2244, 2265, -1,

	//  823, 240, N=2+1
	1512, 1537, -1,

	//  826, 241, N=2+1
	888, 913, -1,

	//  829, 242, N=4+1
	408, 430, 592, 627, -1,

	//  834, 243, N=2+1
	445, 478, -1,

	//  837, 244, N=2+1
	2342, 2353, -1,

	//  840, 245, N=2+1
	671, 748, -1,

	//  843, 246, N=2+1
	462, 495, -1,

	//  846, 247, N=2+1
	1152, 1166, -1,

	//  849, 248, N=2+1
	2200, 2213, -1,

	//  852, 249, N=2+1
	2097, 2108, -1,

	//  855, 250, N=2+1
	1220, 1250, -1,

	//  858, 251, N=2+1
	178, 219, -1,

	//  861, 252, N=2+1
	1330, 1358, -1,

	//  864, 253, N=2+1
	1060, 1092, -1,

	//  867, 254, N=2+1
	665, 742, -1,

	//  870, 255, N=2+1
	1985, 2005, -1,

	//  873, 256, N=2+1
	817, 855, -1,

	//  876, 257, N=4+1
	9, 35, 2234, 2255, -1,

	//  881, 258, N=2+1
	1175, 1191, -1,

	//  884, 259, N=16+1
	20, 46, 253, 279, 469, 502, 830, 868, 1070, 1102, 1222, 1252, 1421, 1446, 1604, 1616, -1,

	//  901, 260, N=2+1
	652, 729, -1,

	//  904, 261, N=2+1
	2023, 2034, -1,

	//  907, 262, N=2+1
	289, 315, -1,

	//  910, 263, N=2+1
	889, 914, -1,

	//  913, 264, N=2+1
	1057, 1089, -1,

	//  916, 265, N=2+1
	1766, 1806, -1,

	//  919, 266, N=2+1
	1922, 1939, -1,

	//  922, 267, N=2+1
	1383, 1401, -1,

	//  925, 268, N=2+1
	701, 778, -1,

	//  928, 269, N=1+1
	2345, -1,

	//  930, 270, N=30+1
	170, 211, 521, 558, 590, 625, 821, 859, 891, 916, 1062, 1094, 1119, 1135, 1215, 1245, 1275,
	1300, 1324, 1352, 1414, 1439, 1510, 1535, 1627, 1649, 1675, 1700, 1851, 1882, -1,

	//  961, 271, N=2+1
	670, 747, -1,

	//  964, 272, N=2+1
	158, 199, -1,

	//  967, 273, N=2+1
	722, 799, -1,

	//  970, 274, N=2+1
	1282, 1307, -1,

	//  973, 275, N=1+1
	292, -1,

	//  975, 276, N=2+1
	419, 441, -1,

	//  978, 277, N=2+1
	460, 493, -1,

	//  981, 278, N=2+1
	177, 218, -1,

	//  984, 279, N=1+1
	2442, -1,

	//  986, 280, N=2+1
	540, 577, -1,

	//  989, 281, N=2+1
	347, 377, -1,

	//  992, 282, N=2+1
	1206, 1236, -1,

	//  995, 283, N=2+1
	663, 740, -1,

	//  998, 284, N=2+1
	1550, 1573, -1,

	// 1001, 285, N=2+1
	342, 372, -1,

	// 1004, 286, N=2+1
	1802, 1842, -1,

	// 1007, 287, N=2+1
	19, 45, -1,

	// 1010, 288, N=2+1
	2128, 2143, -1,

	// 1013, 289, N=2+1
	706, 783, -1,

	// 1016, 290, N=2+1
	167, 208, -1,

	// 1019, 291, N=2+1
	1857, 1888, -1,

	// 1022, 292, N=4+1
	54, 80, 1620, 1642, -1,

	// 1027, 293, N=2+1
	1789, 1829, -1,

	// 1030, 294, N=4+1
	1559, 1582, 2275, 2288, -1,

	// 1035, 295, N=2+1
	1183, 1199, -1,

	// 1038, 296, N=2+1
	1624, 1646, -1,

	// 1041, 297, N=9+1
	952, 990, 1470, 1491, 1725, 1750, 1991, 2011, 2424, -1,

	// 1051, 298, N=2+1
	345, 375, -1,

	// 1054, 299, N=2+1
	1284, 1309, -1,

	// 1057, 300, N=2+1
	24, 50, -1,

	// 1060, 301, N=2+1
	2268, 2281, -1,

	// 1063, 302, N=1+1
	973, -1,

	// 1065, 303, N=4+1
	948, 986, 1381, 1399, -1,

	// 1070, 304, N=2+1
	191, 232, -1,

	// 1073, 305, N=6+1
	1, 27, 1785, 1825, 2227, 2248, -1,

	// 1080, 306, N=1+1
	1011, -1,

	// 1082, 307, N=1+1
	2001, -1,

	// 1084, 308, N=2+1
	1342, 1370, -1,

	// 1087, 309, N=2+1
	1019, 1040, -1,

	// 1090, 310, N=2+1
	1623, 1645, -1,

	// 1093, 311, N=2+1
	18, 44, -1,

	// 1096, 312, N=6+1
	300, 326, 1059, 1091, 1323, 1351, -1,

	// 1103, 313, N=2+1
	1189, 1205, -1,

	// 1106, 314, N=2+1
	1290, 1315, -1,

	// 1109, 315, N=2+1
	2315, 2338, -1,

	// 1112, 316, N=2+1
	413, 435, -1,

	// 1115, 317, N=2+1
	1776, 1816, -1,

	// 1118, 318, N=2+1
	455, 488, -1,

	// 1121, 319, N=2+1
	616, 651, -1,

	// 1124, 320, N=2+1
	2311, 2334, -1,

	// 1127, 321, N=44+1
	16, 42, 62, 88, 116, 140, 173, 214, 248, 274, 306, 332, 354, 384, 407, 429, 465, 498, 524, 561,
	823, 861, 1066, 1098, 1120, 1136, 1181, 1197, 1216, 1246, 1277, 1302, 1327, 1355, 1560, 1583,
	1628, 1650, 1676, 1701, 1852, 1883, 1986, 2006, -1,

	// 1172, 322, N=1+1
	2417, -1,

	// 1174, 323, N=2+1
	1274, 1299, -1,

	// 1177, 324, N=1+1
	850, -1,

	// 1179, 325, N=2+1
	1736, 1761, -1,

	// 1182, 326, N=2+1
	1917, 1934, -1,

	// 1185, 327, N=2+1
	446, 479, -1,

	// 1188, 328, N=2+1
	703, 780, -1,

	// 1191, 329, N=2+1
	351, 381, -1,

	// 1194, 330, N=2+1
	2241, 2262, -1,

	// 1197, 331, N=2+1
	1597, 1609, -1,

	// 1200, 332, N=16+1
	21, 47, 254, 280, 470, 503, 831, 869, 1071, 1103, 1223, 1253, 1422, 1447, 1605, 1617, -1,

	// 1217, 333, N=2+1
	1868, 1899, -1,

	// 1220, 334, N=2+1
	1387, 1405, -1,

	// 1223, 335, N=2+1
	2230, 2251, -1,

	// 1226, 336, N=2+1
	1319, 1347, -1,

	// 1229, 337, N=8+1
	245, 271, 2158, 2186, 2208, 2221, 2346, 2357, -1,

	// 1238, 338, N=2+1
	1023, 1044, -1,

	// 1241, 339, N=2+1
	1687, 1712, -1,

	// 1244, 340, N=2+1
	126, 150, -1,

	// 1247, 341, N=4+1
	902, 927, 2124, 2139, -1,

	// 1252, 342, N=2+1
	2073, 2088, -1,

	// 1255, 343, N=1+1
	1847, -1,

	// 1257, 344, N=2+1
	1148, 1162, -1,

	// 1260, 345, N=2+1
	966, 1004, -1,

	// 1263, 346, N=2+1
	308, 334, -1,

	// 1266, 347, N=30+1
	180, 221, 537, 574, 607, 642, 832, 870, 899, 924, 1074, 1106, 1124, 1140, 1230, 1260, 1286,
	1311, 1335, 1363, 1423, 1448, 1516, 1541, 1633, 1655, 1683, 1708, 1864, 1895, -1,

	// 1297, 348, N=2+1
	168, 209, -1,

	// 1300, 349, N=2+1
	1050, 1082, -1,

	// 1303, 350, N=2+1
	1920, 1937, -1,

	// 1306, 351, N=4+1
	14, 40, 2239, 2260, -1,

	// 1311, 352, N=2+1
	2202, 2215, -1,

	// 1314, 353, N=2+1
	1918, 1935, -1,

	// 1317, 354, N=2+1
	1213, 1243, -1,

	// 1320, 355, N=1+1
	2365, -1,

	// 1322, 356, N=8+1
	715, 792, 962, 1000, 1474, 1495, 1735, 1760, -1,

	// 1331, 357, N=2+1
	402, 424, -1,

	// 1334, 358, N=2+1
	241, 267, -1,

	// 1337, 359, N=2+1
	1845, 1876, -1,

	// 1340, 360, N=2+1
	1598, 1610, -1,

	// 1343, 361, N=4+1
	2027, 2038, 2101, 2112, -1,

	// 1348, 362, N=2+1
	944, 982, -1,

	// 1351, 363, N=21+1
	1783, 1823, 1844, 1875, 1906, 1923, 1942, 1961, 1978, 1998, 2018, 2029, 2040, 2051, 2062, 2077,
	2092, 2103, 2114, 2129, 2380, -1,

	// 1373, 364, N=2+1
	694, 771, -1,

	// 1376, 365, N=2+1
	2204, 2217, -1,

	// 1379, 366, N=2+1
	653, 730, -1,

	// 1382, 367, N=4+1
	7, 33, 2232, 2253, -1,

	// 1387, 368, N=2+1
	2068, 2083, -1,

	// 1390, 369, N=2+1
	1376, 1394, -1,

	// 1393, 370, N=2+1
	2162, 2190, -1,

	// 1396, 371, N=2+1
	55, 81, -1,

	// 1399, 372, N=8+1
	712, 789, 955, 957, 993, 995, 1728, 1753, -1,

	// 1408, 373, N=2+1
	1235, 1265, -1,

	// 1411, 374, N=1+1
	510, -1,

	// 1413, 375, N=2+1
	457, 490, -1,

	// 1416, 376, N=3+1
	586, 621, 2413, -1,

	// 1420, 377, N=2+1
	1121, 1137, -1,

	// 1423, 378, N=2+1
	176, 217, -1,

	// 1426, 379, N=88+1
	8, 34, 60, 86, 107, 131, 166, 207, 243, 269, 296, 322, 349, 379, 404, 426, 453, 486, 516, 553,
	587, 622, 657, 734, 818, 856, 885, 910, 940, 978, 1015, 1036, 1055, 1087, 1117, 1133, 1151,
	1165, 1177, 1193, 1210, 1240, 1273, 1298, 1321, 1349, 1375, 1393, 1412, 1437, 1463, 1484, 1508,
	1533, 1553, 1576, 1600, 1612, 1625, 1647, 1673, 1698, 1719, 1744, 1790, 1830, 1849, 1880, 1911,
	1928, 1946, 1965, 1983, 2003, 2022, 2033, 2044, 2055, 2067, 2082, 2096, 2107, 2118, 2133, 2233,
	2254, 2298, 2321, -1,

	// 1515, 380, N=2+1
	1869, 1900, -1,

	// 1518, 381, N=2+1
	2369, 2373, -1,

	// 1521, 382, N=2+1
	691, 768, -1,

	// 1524, 383, N=2+1
	310, 336, -1,

	// 1527, 384, N=2+1
	1733, 1758, -1,

	// 1530, 385, N=2+1
	542, 579, -1,

	// 1533, 386, N=2+1
	415, 437, -1,

	// 1536, 387, N=2+1
	1859, 1890, -1,

	// 1539, 388, N=2+1
	1997, 2017, -1,

	// 1542, 389, N=6+1
	53, 79, 237, 263, 2147, 2175, -1,

	// 1549, 390, N=2+1
	1468, 1489, -1,

	// 1552, 391, N=2+1
	164, 205, -1,

	// 1555, 392, N=2+1
	123, 147, -1,

	// 1558, 393, N=4+1
	10, 36, 2235, 2256, -1,

	// 1563, 394, N=3+1
	110, 134, 2393, -1,

	// 1567, 395, N=2+1
	1174, 1190, -1,

	// 1570, 396, N=1+1
	423, -1,

	// 1572, 397, N=2+1
	288, 314, -1,

	// 1575, 398, N=2+1
	1637, 1659, -1,

	// 1578, 399, N=2+1
	1332, 1360, -1,

	// 1581, 400, N=2+1
	721, 798, -1,

	// 1584, 401, N=2+1
	689, 766, -1,

	// 1587, 402, N=2+1
	1561, 1584, -1,

	// 1590, 403, N=8+1
	728, 805, 843, 881, 1432, 1457, 2246, 2267, -1,

	// 1599, 404, N=2+1
	700, 777, -1,

	// 1602, 405, N=2+1
	2098, 2109, -1,

	// 1605, 406, N=2+1
	174, 215, -1,

	// 1608, 407, N=2+1
	692, 769, -1,

	// 1611, 408, N=2+1
	1987, 2007, -1,

	// 1614, 409, N=2+1
	2310, 2333, -1,

	// 1617, 410, N=2+1
	1980, 2000, -1,

	// 1620, 411, N=5+1
	835, 873, 1426, 1451, 2420, -1,

	// 1626, 412, N=2+1
	1870, 1901, -1,

	// 1629, 413, N=2+1
	1641, 1663, -1,

	// 1632, 414, N=2+1
	2171, 2199, -1,

	// 1635, 415, N=3+1
	1077, 1109, 2435, -1,

	// 1639, 416, N=2+1
	1281, 1306, -1,

	// 1642, 417, N=2+1
	1149, 1163, -1,

	// 1645, 418, N=2+1
	294, 320, -1,

	// 1648, 419, N=2+1
	705, 782, -1,

	// 1651, 420, N=4+1
	1566, 1589, 2280, 2293, -1,

	// 1656, 421, N=2+1
	2157, 2185, -1,

	// 1659, 422, N=2+1
	839, 877, -1,

	// 1662, 423, N=2+1
	1716, 1741, -1,

	// 1665, 424, N=2+1
	600, 635, -1,

	// 1668, 425, N=2+1
	1788, 1828, -1,

	// 1671, 426, N=2+1
	1459, 1480, -1,

	// 1674, 427, N=2+1
	1009, 1030, -1,

	// 1677, 428, N=2+1
	1188, 1204, -1,

	// 1680, 429, N=2+1
	1871, 1902, -1,

	// 1683, 430, N=2+1
	1116, 1132, -1,

	// 1686, 431, N=8+1
	714, 791, 961, 999, 1473, 1494, 1734, 1759, -1,

	// 1695, 432, N=2+1
	2069, 2084, -1,

	// 1698, 433, N=2+1
	947, 985, -1,

	// 1701, 434, N=6+1
	656, 733, 939, 977, 1718, 1743, -1,

	// 1708, 435, N=3+1
	595, 630, 2415, -1,

	// 1712, 436, N=2+1
	2153, 2181, -1,

	// 1715, 437, N=1+1
	2387, -1,

	// 1717, 438, N=2+1
	1622, 1644, -1,

	// 1720, 439, N=2+1
	2296, 2319, -1,

	// 1723, 440, N=2+1
	1180, 1196, -1,

	// 1726, 441, N=2+1
	838, 876, -1,

	// 1729, 442, N=2+1
	1873, 1904, -1,

	// 1732, 443, N=2+1
	305, 331, -1,

	// 1735, 444, N=2+1
	2269, 2282, -1,

	// 1738, 445, N=2+1
	1058, 1090, -1,

	// 1741, 446, N=2+1
	1186, 1202, -1,

	// 1744, 447, N=2+1
	718, 795, -1,

	// 1747, 448, N=2+1
	933, 971, -1,

	// 1750, 449, N=2+1
	474, 507, -1,

	// 1753, 450, N=2+1
	934, 972, -1,

	// 1756, 451, N=2+1
	1211, 1241, -1,

	// 1759, 452, N=2+1
	2209, 2222, -1,

	// 1762, 453, N=2+1
	593, 628, -1,

	// 1765, 454, N=4+1
	468, 501, 530, 567, -1,

	// 1770, 455, N=2+1
	1779, 1819, -1,

	// 1773, 456, N=2+1
	1513, 1538, -1,

	// 1776, 457, N=2+1
	1720, 1745, -1,

	// 1779, 458, N=2+1
	1430, 1455, -1,

	// 1782, 459, N=2+1
	1123, 1139, -1,

	// 1785, 460, N=2+1
	1052, 1084, -1,

	// 1788, 461, N=2+1
	2041, 2052, -1,

	// 1791, 462, N=2+1
	1774, 1814, -1,

	// 1794, 463, N=2+1
	1768, 1808, -1,

	// 1797, 464, N=2+1
	1993, 2013, -1,

	// 1800, 465, N=3+1
	108, 132, 2391, -1,

	// 1804, 466, N=2+1
	1721, 1746, -1,

	// 1807, 467, N=2+1
	2127, 2142, -1,

	// 1810, 468, N=3+1
	602, 637, 2412, -1,

	// 1814, 469, N=2+1
	105, 129, -1,

	// 1817, 470, N=1+1
	2356, -1,

	// 1819, 471, N=2+1
	1227, 1257, -1,

	// 1822, 472, N=1+1
	2431, -1,

	// 1824, 473, N=2+1
	1016, 1037, -1,

	// 1827, 474, N=2+1
	75, 101, -1,

	// 1830, 475, N=2+1
	903, 928, -1,

	// 1833, 476, N=2+1
	1907, 1924, -1,

	// 1836, 477, N=2+1
	683, 760, -1,

	// 1839, 478, N=2+1
	2160, 2188, -1,

	// 1842, 479, N=2+1
	403, 425, -1,

	// 1845, 480, N=2+1
	2166, 2194, -1,

	// 1848, 481, N=2+1
	1730, 1755, -1,

	// 1851, 482, N=2+1
	1026, 1047, -1,

	// 1854, 483, N=21+1
	1798, 1838, 1863, 1894, 1915, 1932, 1954, 1973, 1989, 2009, 2026, 2037, 2048, 2059, 2072, 2087,
	2100, 2111, 2122, 2137, 2379, -1,

	// 1876, 484, N=2+1
	1379, 1397, -1,

	// 1879, 485, N=2+1
	1179, 1195, -1,

	// 1882, 486, N=1+1
	2364, -1,

	// 1884, 487, N=2+1
	1429, 1454, -1,

	// 1887, 488, N=2+1
	1853, 1884, -1,

	// 1890, 489, N=2+1
	828, 866, -1,

	// 1893, 490, N=2+1
	2386, 2394, -1,

	// 1896, 491, N=2+1
	307, 333, -1,

	// 1899, 492, N=4+1
	522, 559, 1949, 1968, -1,

	// 1904, 493, N=3+1
	111, 135, 2397, -1,

	// 1908, 494, N=4+1
	11, 37, 2236, 2257, -1,

	// 1913, 495, N=1+1
	2370, -1,

	// 1915, 496, N=1+1
	2383, -1,

	// 1917, 497, N=2+1
	1329, 1357, -1,

	// 1920, 498, N=2+1
	2231, 2252, -1,

	// 1923, 499, N=2+1
	1874, 1905, -1,

	// 1926, 500, N=2+1
	405, 427, -1,

	// 1929, 501, N=2+1
	179, 220, -1,

	// 1932, 502, N=2+1
	247, 273, -1,

	// 1935, 503, N=1+1
	2218, -1,

	// 1937, 504, N=2+1
	2242, 2263, -1,

	// 1940, 505, N=2+1
	399, 421, -1,

	// 1943, 506, N=2+1
	2115, 2130, -1,

	// 1946, 507, N=1+1
	1878, -1,

	// 1948, 508, N=2+1
	1269, 1294, -1,

	// 1951, 509, N=2+1
	2028, 2039, -1,

	// 1954, 510, N=2+1
	942, 980, -1,

	// 1957, 511, N=2+1
	1285, 1310, -1,

	// 1960, 512, N=1+1
	2418, -1,

	// 1962, 513, N=2+1
	1221, 1251, -1,

	// 1965, 514, N=2+1
	339, 369, -1,

	// 1968, 515, N=2+1
	1775, 1815, -1,

	// 1971, 516, N=2+1
	1156, 1170, -1,

	// 1974, 517, N=2+1
	1475, 1496, -1,

	// 1977, 518, N=2+1
	1861, 1892, -1,

	// 1980, 519, N=3+1
	1679, 1704, 2432, -1,

	// 1984, 520, N=2+1
	2308, 2331, -1,

	// 1987, 521, N=4+1
	70, 96, 1631, 1653, -1,

	// 1992, 522, N=1+1
	731, -1,

	// 1994, 523, N=2+1
	1318, 1346, -1,

	// 1997, 524, N=2+1
	720, 797, -1,

	// 2000, 525, N=2+1
	605, 640, -1,

	// 2003, 526, N=6+1
	165, 206, 451, 484, 2155, 2183, -1,

	// 2010, 527, N=4+1
	2211, 2224, 2349, 2360, -1,

	// 2015, 528, N=1+1
	2367, -1,

	// 2017, 529, N=2+1
	512, 549, -1,

	// 2020, 530, N=2+1
	668, 745, -1,

	// 2023, 531, N=2+1
	686, 763, -1,

	// 2026, 532, N=2+1
	693, 770, -1,

	// 2029, 533, N=2+1
	2270, 2283, -1,

	// 2032, 534, N=2+1
	65, 91, -1,

	// 2035, 535, N=2+1
	662, 739, -1,

	// 2038, 536, N=2+1
	1385, 1403, -1,

	// 2041, 537, N=2+1
	1723, 1748, -1,

	// 2044, 538, N=4+1
	188, 229, 965, 1003, -1,

	// 2049, 539, N=8+1
	708, 785, 953, 991, 1471, 1492, 1726, 1751, -1,

	// 2058, 540, N=2+1
	949, 987, -1,

	// 2061, 541, N=2+1
	969, 1007, -1,

	// 2064, 542, N=3+1
	1680, 1705, 2433, -1,

	// 2068, 543, N=2+1
	2276, 2289, -1,

	// 2071, 544, N=3+1
	1068, 1100, 2439, -1,

	// 2075, 545, N=2+1
	120, 144, -1,

	// 2078, 546, N=2+1
	2305, 2328, -1,

	// 2081, 547, N=2+1
	1994, 2014, -1,

	// 2084, 548, N=2+1
	1017, 1038, -1,

	// 2087, 549, N=2+1
	1520, 1545, -1,

	// 2090, 550, N=2+1
	959, 997, -1,

	// 2093, 551, N=2+1
	1854, 1885, -1,

	// 2096, 552, N=2+1
	363, 393, -1,

	// 2099, 553, N=1+1
	106, -1,

	// 2101, 554, N=2+1
	1079, 1111, -1,

	// 2104, 555, N=1+1
	203, -1,

	// 2106, 556, N=1+1
	2375, -1,

	// 2108, 557, N=2+1
	1664, 1689, -1,

	// 2111, 558, N=2+1
	2024, 2035, -1,

	// 2114, 559, N=2+1
	2362, 2366, -1,

	// 2117, 560, N=2+1
	355, 385, -1,

	// 2120, 561, N=2+1
	1764, 1804, -1,

	// 2123, 562, N=2+1
	588, 623, -1,

	// 2126, 563, N=2+1
	1913, 1930, -1,

	// 2129, 564, N=2+1
	1505, 1530, -1,

	// 2132, 565, N=2+1
	124, 148, -1,

	// 2135, 566, N=2+1
	810, 848, -1,

	// 2138, 567, N=4+1
	356, 386, 1678, 1703, -1,

	// 2143, 568, N=2+1
	1214, 1244, -1,

	// 2146, 569, N=8+1
	713, 790, 956, 958, 994, 996, 1729, 1754, -1,

	// 2155, 570, N=2+1
	1228, 1258, -1,

	// 2158, 571, N=2+1
	1466, 1487, -1,

	// 2161, 572, N=2+1
	1795, 1835, -1,

	// 2164, 573, N=2+1
	1326, 1354, -1,

	// 2167, 574, N=2+1
	676, 753, -1,

	// 2170, 575, N=2+1
	1012, 1033, -1,

	// 2173, 576, N=2+1
	1732, 1757, -1,

	// 2176, 577, N=2+1
	1770, 1810, -1,

	// 2179, 578, N=2+1
	603, 638, -1,

	// 2182, 579, N=1+1
	83, -1,

	// 2184, 580, N=3+1
	1602, 1614, 2404, -1,

	// 2188, 581, N=2+1
	1340, 1368, -1,

	// 2191, 582, N=1+1
	1964, -1,

	// 2193, 583, N=2+1
	886, 911, -1,

	// 2196, 584, N=2+1
	1782, 1822, -1,

	// 2199, 585, N=2+1
	727, 804, -1,

	// 2202, 586, N=2+1
	1118, 1134, -1,

	// 2205, 587, N=2+1
	2120, 2135, -1,

	// 2208, 588, N=2+1
	302, 328, -1,

	// 2211, 589, N=2+1
	466, 499, -1,

	// 2214, 590, N=2+1
	1018, 1039, -1,

	// 2217, 591, N=2+1
	943, 981, -1,

	// 2220, 592, N=2+1
	1072, 1104, -1,

	// 2223, 593, N=2+1
	442, 475, -1,

	// 2226, 594, N=2+1
	820, 858, -1,

	// 2229, 595, N=1+1
	812, -1,

	// 2231, 596, N=2+1
	1461, 1482, -1,

	// 2234, 597, N=4+1
	897, 922, 2427, 2429, -1,

	// 2239, 598, N=2+1
	297, 323, -1,

	// 2242, 599, N=2+1
	1389, 1407, -1,

	// 2245, 600, N=2+1
	541, 578, -1,

	// 2248, 601, N=2+1
	2043, 2054, -1,

	// 2251, 602, N=2+1
	2164, 2192, -1,

	// 2254, 603, N=2+1
	301, 327, -1,

	// 2257, 604, N=2+1
	890, 915, -1,

	// 2260, 605, N=2+1
	1278, 1303, -1,

	// 2263, 606, N=2+1
	723, 800, -1,

	// 2266, 607, N=2+1
	1080, 1112, -1,

	// 2269, 608, N=2+1
	66, 92, -1,

	// 2272, 609, N=2+1
	418, 440, -1,

	// 2275, 610, N=2+1
	2163, 2191, -1,

	// 2278, 611, N=2+1
	672, 749, -1,

	// 2281, 612, N=2+1
	1793, 1833, -1,

	// 2284, 613, N=2+1
	2384, 2392, -1,

	// 2287, 614, N=1+1
	2385, -1,

	// 2289, 615, N=2+1
	259, 285, -1,

	// 2292, 616, N=2+1
	968, 1006, -1,

	// 2295, 617, N=4+1
	1557, 1580, 2274, 2287, -1,

	// 2300, 618, N=2+1
	698, 775, -1,

	// 2303, 619, N=2+1
	1374, 1392, -1,

	// 2306, 620, N=2+1
	2301, 2324, -1,

	// 2309, 621, N=2+1
	2300, 2323, -1,

	// 2312, 622, N=2+1
	2297, 2320, -1,

	// 2315, 623, N=2+1
	842, 880, -1,

	// 2318, 624, N=2+1
	1570, 1593, -1,

	// 2321, 625, N=2+1
	2309, 2332, -1,

	// 2324, 626, N=2+1
	1801, 1841, -1,

	// 2327, 627, N=2+1
	338, 368, -1,

	// 2330, 628, N=2+1
	163, 204, -1,

	// 2333, 629, N=2+1
	458, 491, -1,

	// 2336, 630, N=2+1
	1860, 1891, -1,

	// 2339, 631, N=2+1
	883, 908, -1,

	// 2342, 632, N=10+1
	172, 213, 464, 497, 523, 560, 1065, 1097, 1325, 1353, -1,

	// 2353, 633, N=2+1
	531, 568, -1,

	// 2356, 634, N=6+1
	2168, 2196, 2212, 2225, 2350, 2361, -1,

	// 2363, 635, N=2+1
	1667, 1692, -1,

	// 2366, 636, N=2+1
	3, 29, -1,

	// 2369, 637, N=2+1
	1322, 1350, -1,

	// 2372, 638, N=4+1
	2210, 2223, 2348, 2359, -1,

	// 2377, 639, N=2+1
	1078, 1110, -1,

	// 2380, 640, N=1+1
	1981, -1,

	// 2382, 641, N=1+1
	2376, -1,

	// 2384, 642, N=2+1
	298, 324, -1,

	// 2387, 643, N=2+1
	2042, 2053, -1,

	// 2390, 644, N=2+1
	2306, 2329, -1,

	// 2393, 645, N=2+1
	1858, 1889, -1,

	// 2396, 646, N=1+1
	5, -1,

	// 2398, 647, N=2+1
	1995, 2015, -1,

	// 2401, 648, N=2+1
	840, 878, -1,

	// 2404, 649, N=2+1
	1025, 1046, -1,

	// 2407, 650, N=2+1
	946, 984, -1,

	// 2410, 651, N=2+1
	1073, 1105, -1,

	// 2413, 652, N=4+1
	1556, 1579, 2273, 2286, -1,

	// 2418, 653, N=2+1
	2020, 2031, -1,

	// 2421, 654, N=2+1
	1921, 1938, -1,

	// 2424, 655, N=2+1
	1677, 1702, -1,

	// 2427, 656, N=2+1
	2119, 2134, -1,

	// 2430, 657, N=2+1
	22, 48, -1,

	// 2433, 658, N=2+1
	532, 569, -1,

	// 2436, 659, N=5+1
	175, 216, 1334, 1362, 2401, -1,

	// 2442, 660, N=2+1
	17, 43, -1,

	// 2445, 661, N=2+1
	2070, 2085, -1,

	// 2448, 662, N=4+1
	1022, 1043, 2314, 2337, -1,

	// 2453, 663, N=2+1
	1769, 1809, -1,

	// 2456, 664, N=2+1
	352, 382, -1,

	// 2459, 665, N=2+1
	584, 619, -1,

	// 2462, 666, N=2+1
	2093, 2104, -1,

	// 2465, 667, N=2+1
	1279, 1304, -1,

	// 2468, 668, N=2+1
	1626, 1648, -1,

	// 2471, 669, N=2+1
	719, 796, -1,

	// 2474, 670, N=2+1
	185, 226, -1,

	// 2477, 671, N=1+1
	2377, -1,

	// 2479, 672, N=2+1
	1672, 1697, -1,

	// 2482, 673, N=1+1
	547, -1,

	// 2484, 674, N=2+1
	117, 141, -1,

	// 2487, 675, N=2+1
	2295, 2318, -1,

	// 2490, 676, N=2+1
	152, 193, -1,

	// 2493, 677, N=4+1
	467, 500, 529, 566, -1,

	// 2498, 678, N=2+1
	360, 390, -1,

	// 2501, 679, N=2+1
	153, 194, -1,

	// 2504, 680, N=2+1
	2207, 2220, -1,

	// 2507, 681, N=4+1
	711, 788, 1420, 1445, -1,

	// 2512, 682, N=2+1
	1639, 1661, -1,

	// 2515, 683, N=2+1
	896, 921, -1,

	// 2518, 684, N=2+1
	1225, 1255, -1,

	// 2521, 685, N=2+1
	344, 374, -1,

	// 2524, 686, N=2+1
	1872, 1903, -1,

	// 2527, 687, N=2+1
	459, 492, -1,

	// 2530, 688, N=2+1
	1272, 1297, -1,

	// 2533, 689, N=2+1
	726, 803, -1,

	// 2536, 690, N=4+1
	13, 39, 2238, 2259, -1,

	// 2541, 691, N=2+1
	1008, 1029, -1,

	// 2544, 692, N=2+1
	1061, 1093, -1,

	// 2547, 693, N=2+1
	1218, 1248, -1,

	// 2550, 694, N=4+1
	238, 264, 2148, 2176, -1,

	// 2555, 695, N=2+1
	2294, 2317, -1,

	// 2558, 696, N=2+1
	2340, 2351, -1,

	// 2561, 697, N=2+1
	827, 865, -1,

	// 2564, 698, N=2+1
	364, 394, -1,

	// 2567, 699, N=8+1
	659, 736, 945, 983, 1465, 1486, 1722, 1747, -1,

	// 2576, 700, N=2+1
	239, 265, -1,

	// 2579, 701, N=12+1
	295, 321, 452, 485, 1054, 1086, 1320, 1348, 1848, 1879, 2156, 2184, -1,

	// 2592, 702, N=2+1
	1184, 1200, -1,

	// 2595, 703, N=2+1
	1912, 1929, -1,

	// 2598, 704, N=2+1
	1413, 1438, -1,

	// 2601, 705, N=2+1
	515, 552, -1,

	// 2604, 706, N=2+1
	1051, 1083, -1,

	// 2607, 707, N=2+1
	1380, 1398, -1,

	// 2610, 708, N=2+1
	2095, 2106, -1,

	// 2613, 709, N=5+1
	834, 872, 1425, 1450, 2419, -1,

	// 2619, 710, N=2+1
	1511, 1536, -1,

	// 2622, 711, N=2+1
	343, 373, -1,

	// 2625, 712, N=2+1
	1601, 1613, -1,

	// 2628, 713, N=2+1
	77, 103, -1,

	// 2631, 714, N=4+1
	25, 51, 2245, 2266, -1,

	// 2636, 715, N=2+1
	1640, 1662, -1,

	// 2639, 716, N=22+1
	118, 119, 142, 143, 251, 252, 277, 278, 527, 528, 564, 565, 1563, 1564, 1586, 1587, 2277, 2278,
	2290, 2291, 2405, 2406, -1,

	// 2662, 717, N=2+1
	2388, 2396, -1,

	// 2665, 718, N=2+1
	808, 846, -1,

	// 2668, 719, N=2+1
	1522, 1547, -1,

	// 2671, 720, N=2+1
	444, 477, -1,

	// 2674, 721, N=2+1
	1950, 1969, -1,

	// 2677, 722, N=2+1
	1217, 1247, -1,

	// 2680, 723, N=2+1
	613, 648, -1,

	// 2683, 724, N=2+1
	1947, 1966, -1,

	// 2686, 725, N=2+1
	960, 998, -1,

	// 2689, 726, N=2+1
	1028, 1049, -1,

	// 2692, 727, N=2+1
	589, 624, -1,

	// 2695, 728, N=2+1
	1288, 1313, -1,

	// 2698, 729, N=2+1
	59, 85, -1,

	// 2701, 730, N=2+1
	667, 744, -1,

	// 2704, 731, N=2+1
	183, 224, -1,

	// 2707, 732, N=30+1
	181, 222, 538, 575, 608, 643, 833, 871, 900, 925, 1075, 1107, 1125, 1141, 1231, 1261, 1287,
	1312, 1336, 1364, 1424, 1449, 1517, 1542, 1634, 1656, 1684, 1709, 1865, 1896, -1,

	// 2738, 733, N=2+1
	677, 754, -1,

	// 2741, 734, N=2+1
	1267, 1292, -1,

	// 2744, 735, N=2+1
	1629, 1651, -1,

	// 2747, 736, N=2+1
	1010, 1031, -1,

	// 2750, 737, N=2+1
	1126, 1142, -1,

	// 2753, 738, N=2+1
	725, 802, -1,

	// 2756, 739, N=3+1
	1076, 1108, 2434, -1,

	// 2760, 740, N=2+1
	1014, 1035, -1,

	// 2763, 741, N=2+1
	1416, 1441, -1,

	// 2766, 742, N=2+1
	1464, 1485, -1,

	// 2769, 743, N=2+1
	1373, 1391, -1,

	// 2772, 744, N=2+1
	67, 93, -1,

	// 2775, 745, N=1+1
	909, -1,

	// 2777, 746, N=2+1
	341, 371, -1,

	// 2780, 747, N=2+1
	1212, 1242, -1,

	// 2783, 748, N=2+1
	461, 494, -1,

	// 2786, 749, N=2+1
	182, 223, -1,

	// 2789, 750, N=2+1
	1792, 1832, -1,

	// 2792, 751, N=2+1
	893, 918, -1,

	// 2795, 752, N=2+1
	682, 759, -1,

	// 2798, 753, N=1+1
	2371, -1,

	// 2800, 754, N=1+1
	130, -1,

	// 2802, 755, N=2+1
	367, 397, -1,

	// 2805, 756, N=2+1
	2076, 2091, -1,

	// 2808, 757, N=2+1
	1343, 1371, -1,

	// 2811, 758, N=2+1
	365, 395, -1,

	// 2814, 759, N=2+1
	154, 195, -1,

	// 2817, 760, N=2+1
	1159, 1173, -1,

	// 2820, 761, N=2+1
	361, 391, -1,

	// 2823, 762, N=2+1
	681, 758, -1,

	// 2826, 763, N=2+1
	1524, 1549, -1,

	// 2829, 764, N=1+1
	935, -1,

	// 2831, 765, N=2+1
	513, 550, -1,

	// 2834, 766, N=6+1
	52, 78, 236, 262, 2146, 2174, -1,

	// 2841, 767, N=2+1
	687, 764, -1,

	// 2844, 768, N=2+1
	190, 231, -1,

	// 2847, 769, N=2+1
	1207, 1237, -1,

	// 2850, 770, N=1+1
	447, -1,

	// 2852, 771, N=6+1
	2, 28, 1786, 1826, 2228, 2249, -1,

	// 2859, 772, N=1+1
	1032, -1,

	// 2861, 773, N=2+1
	1378, 1396, -1,

	// 2864, 774, N=4+1
	534, 536, 571, 573, -1,

	// 2869, 775, N=8+1
	709, 786, 954, 992, 1472, 1493, 1727, 1752, -1,

	// 2878, 776, N=2+1
	1276, 1301, -1,

	// 2881, 777, N=2+1
	189, 230, -1,

	// 2884, 778, N=2+1
	2117, 2132, -1,

	// 2887, 779, N=2+1
	303, 329, -1,

	// 2890, 780, N=2+1
	826, 864, -1,

	// 2893, 781, N=2+1
	1427, 1452, -1,

	// 2896, 782, N=2+1
	2125, 2140, -1,

	// 2899, 783, N=2+1
	1226, 1256, -1,

	// 2902, 784, N=3+1
	601, 636, 2411, -1,

	// 2906, 785, N=2+1
	1509, 1534, -1,

	// 2909, 786, N=2+1
	724, 801, -1,

	// 2912, 787, N=2+1
	938, 976, -1,

	// 2915, 788, N=2+1
	1209, 1239, -1,

	// 2918, 789, N=2+1
	1328, 1356, -1,

	// 2921, 790, N=2+1
	240, 2150, -1,

	// 2924, 791, N=2+1
	894, 919, -1,

	// 2927, 792, N=2+1
	526, 563, -1,

	// 2930, 793, N=2+1
	813, 851, -1,

	// 2933, 794, N=2+1
	416, 438, -1,

	// 2936, 795, N=2+1
	1846, 1877, -1,

	// 2939, 796, N=2+1
	1916, 1933, -1,

	// 2942, 797, N=4+1
	235, 261, 2145, 2173, -1,

	// 2947, 798, N=4+1
	520, 557, 1948, 1967, -1,

	// 2952, 799, N=2+1
	1856, 1887, -1,

	// 2955, 800, N=2+1
	2167, 2195, -1,

	// 2958, 801, N=2+1
	1558, 1581, -1,

	// 2961, 802, N=2+1
	104, 128, -1,

	// 2964, 803, N=1+1
	318, -1,

	// 2966, 804, N=2+1
	2094, 2105, -1,

	// 2969, 805, N=2+1
	414, 436, -1,

	// 2972, 806, N=2+1
	1128, 1144, -1,

	// 2975, 807, N=2+1
	904, 929, -1,

	// 2978, 808, N=4+1
	901, 926, 2123, 2138, -1,

	// 2983, 809, N=2+1
	2019, 2030, -1,

	// 2986, 810, N=2+1
	697, 774, -1,

	// 2989, 811, N=2+1
	1056, 1088, -1,

	// 2992, 812, N=2+1
	73, 99, -1,

	// 2995, 813, N=2+1
	473, 506, -1,

	// 2998, 814, N=1+1
	57, -1,

	// 3000, 815, N=2+1
	1996, 2016, -1,

	// 3003, 816, N=2+1
	1606, 1618, -1,

	// 3006, 817, N=2+1
	679, 756, -1,

	// 3009, 818, N=2+1
	583, 618, -1,

	// 3012, 819, N=2+1
	1771, 1811, -1,

	// 3015, 820, N=2+1
	1268, 1293, -1,

	// 3018, 821, N=2+1
	2021, 2032, -1,

	// 3021, 822, N=3+1
	463, 496, 2402, -1,

	// 3025, 823, N=2+1
	1674, 1699, -1,

	// 3028, 824, N=2+1
	1956, 1975, -1,

	// 3031, 825, N=2+1
	443, 476, -1,

	// 3034, 826, N=2+1
	1477, 1498, -1,

	// 3037, 827, N=2+1
	582, 617, -1,

	// 3040, 828, N=2+1
	2343, 2354, -1,

	// 3043, 829, N=1+1
	31, -1,

	// 3045, 830, N=2+1
	2344, 2355, -1,

	// 3048, 831, N=2+1
	814, 852, -1,

	// 3051, 832, N=2+1
	192, 233, -1,

	// 3054, 833, N=2+1
	614, 649, -1,

	// 3057, 834, N=2+1
	514, 551, -1,

	// 3060, 835, N=2+1
	304, 330, -1,

	// 3063, 836, N=2+1
	690, 767, -1,

	// 3066, 837, N=1+1
	2374, -1,

	// 3068, 838, N=2+1
	2161, 2189, -1,

	// 3071, 839, N=2+1
	1715, 1740, -1,

	// 3074, 840, N=2+1
	63, 89, -1,

	// 3077, 841, N=2+1
	125, 149, -1,

	// 3080, 842, N=5+1
	822, 860, 1415, 1440, 2421, -1,

	// 3086, 843, N=2+1
	824, 862, -1,

	// 3089, 844, N=2+1
	615, 650, -1,

	// 3092, 845, N=2+1
	1866, 1897, -1,

	// 3095, 846, N=2+1
	680, 757, -1,

	// 3098, 847, N=2+1
	1803, 1843, -1,

	// 3101, 848, N=6+1
	358, 388, 610, 645, 1682, 1707, -1,

	// 3108, 849, N=2+1
	544, 581, -1,

	// 3111, 850, N=2+1
	1777, 1817, -1,

	// 3114, 851, N=2+1
	1219, 1249, -1,

	// 3117, 852, N=2+1
	1153, 1167, -1,

	// 3120, 853, N=2+1
	2066, 2081, -1,

	// 3123, 854, N=5+1
	825, 863, 1418, 1443, 2422, -1,

	// 3129, 855, N=21+1
	1797, 1837, 1862, 1893, 1914, 1931, 1953, 1972, 1988, 2008, 2025, 2036, 2047, 2058, 2071, 2086,
	2099, 2110, 2121, 2136, 2378, -1,

	// 3151, 856, N=2+1
	841, 879, -1,

	// 3154, 857, N=2+1
	1067, 1099, -1,

	// 3157, 858, N=2+1
	809, 847, -1,

	// 3160, 859, N=2+1
	1331, 1359, -1,

	// 3163, 860, N=8+1
	449, 482, 1053, 1085, 1506, 1531, 2152, 2180, -1,

	// 3172, 861, N=2+1
	1909, 1926, -1,

	// 3175, 862, N=2+1
	2307, 2330, -1,

	// 3178, 863, N=1+1
	401, -1,

	// 3180, 864, N=3+1
	887, 912, 2430, -1,

	// 3184, 865, N=2+1
	1280, 1305, -1,

	// 3187, 866, N=2+1
	591, 626, -1,

	// 3190, 867, N=2+1
	1796, 1836, -1,

	// 3193, 868, N=2+1
	2243, 2264, -1,

	// 3196, 869, N=2+1
	1384, 1402, -1,

	// 3199, 870, N=2+1
	1910, 1927, -1,

	// 3202, 871, N=2+1
	2065, 2080, -1,

	// 3205, 872, N=2+1
	2381, 2390, -1,

	// 3208, 873, N=2+1
	311, 337, -1,

	// 3211, 874, N=2+1
	1958, 1977, -1,

	// 3214, 875, N=2+1
	1523, 1548, -1,

	// 3217, 876, N=2+1
	1157, 1171, -1,

	// 3220, 877, N=2+1
	2165, 2193, -1,

	// 3223, 878, N=2+1
	2116, 2131, -1,

	// 3226, 879, N=2+1
	695, 772, -1,

	// 3229, 880, N=2+1
	1778, 1818, -1,

	// 3232, 881, N=6+1
	357, 387, 609, 644, 1681, 1706, -1,

	// 3239, 882, N=2+1
	1551, 1574, -1,

	// 3242, 883, N=5+1
	186, 227, 1337, 1365, 2398, -1,

	// 3248, 884, N=2+1
	1372, 1390, -1,

	// 3251, 885, N=3+1
	1063, 1095, 2438, -1,

	// 3255, 886, N=1+1
	884, -1,

	// 3257, 887, N=2+1
	115, 139, -1,

	// 3260, 888, N=2+1
	673, 750, -1,

	// 3263, 889, N=2+1
	2063, 2078, -1,

	// 3266, 890, N=2+1
	2316, 2339, -1,

	// 3269, 891, N=2+1
	1957, 1976, -1,

	// 3272, 892, N=2+1
	122, 146, -1,

	// 3275, 893, N=4+1
	15, 41, 2240, 2261, -1,

	// 3280, 894, N=2+1
	1514, 1539, -1,

	// 3283, 895, N=2+1
	61, 87, -1,

	// 3286, 896, N=2+1
	1772, 1812, -1,

	// 3289, 897, N=2+1
	169, 210, -1,

	// 3292, 898, N=2+1
	702, 779, -1,

	// 3295, 899, N=2+1
	606, 641, -1,

	// 3298, 900, N=1+1
	1945, -1,

	// 3300, 901, N=5+1
	398, 420, 806, 844, 2437, -1,

	// 3306, 902, N=2+1
	1232, 1262, -1,

	// 3309, 903, N=2+1
	72, 98, -1,

	// 3312, 904, N=2+1
	1738, 1763, -1,

	// 3315, 905, N=2+1
	2312, 2335, -1,

	// 3318, 906, N=2+1
	1800, 1840, -1,

	// 3321, 907, N=2+1
	362, 392, -1,

	// 3324, 908, N=4+1
	411, 433, 611, 646, -1,

	// 3329, 909, N=2+1
	1428, 1453, -1,

	// 3332, 910, N=2+1
	1382, 1400, -1,

	// 3335, 911, N=2+1
	2049, 2060, -1,

	// 3338, 912, N=2+1
	1794, 1834, -1,

	// 3341, 913, N=2+1
	2170, 2198, -1,

	// 3344, 914, N=2+1
	658, 735, -1,

	// 3347, 915, N=2+1
	1024, 1045, -1,

	// 3350, 916, N=2+1
	23, 49, -1,

	// 3353, 917, N=2+1
	704, 781, -1,

	// 3356, 918, N=2+1
	2169, 2197, -1,

	// 3359, 919, N=3+1
	1069, 1101, 2440, -1,

	// END
	-2
};

//
///////////////////////////////////////////////////////////////////////////////
//////////////////////////////////   file   ///////////////////////////////////
///////////////////////////////////////////////////////////////////////////////

